sseqid,canonical_id,display_name,gbk_type,category,function_class,cassette_role,tier,verification_status,expected_length_min,expected_length_max,organism_context
SPLICIFY_CDS_REPORTER_MTURQUOISE2_CL_CDS__67ca661e,CDS_REPORTER_MTURQUOISE2__CL_CDS_REPORTER_182,Mturquoise2,CDS,CDS_REPORTER,mTurquoise2,reporter,silver,unverified,0,0,m|a|m|m|a|l|i|a|n
SPLICIFY_CDS_RESISTANCE_DFRA_CL_CDS_RESISTANCE_044,CDS_RESISTANCE_DFRA__CL_CDS_RESISTANCE_044,Dfra,CDS,CDS_RESISTANCE,DfrA,selection_marker,silver,unverified,0,0,b|a|c|t|e|r|i|a|l
SPLICIFY_CDS_RESISTANCE_DFRA_CL_CDS_RESISTANCE_186,CDS_RESISTANCE_DFRA__CL_CDS_RESISTANCE_186,Dfra,CDS,CDS_RESISTANCE,DfrA,selection_marker,silver,unverified,0,0,b|a|c|t|e|r|i|a|l
SPLICIFY_CDS_RESISTANCE_DFRA_CL_CDS_RESISTANCE_188,CDS_RESISTANCE_DFRA__CL_CDS_RESISTANCE_188,Dfra,CDS,CDS_RESISTANCE,DfrA,selection_marker,silver,unverified,0,0,b|a|c|t|e|r|i|a|l
SPLICIFY_CDS_RESISTANCE_DFRA_CL_CDS_RESISTANCE_265,CDS_RESISTANCE_DFRA__CL_CDS_RESISTANCE_265,Dfra,CDS,CDS_RESISTANCE,DfrA,selection_marker,silver,unverified,0,0,b|a|c|t|e|r|i|a|l
SPLICIFY_CDS_RESISTANCE_DFRA_CL_CDS_RESISTANCE_296,CDS_RESISTANCE_DFRA__CL_CDS_RESISTANCE_296,Dfra,CDS,CDS_RESISTANCE,DfrA,selection_marker,silver,unverified,0,0,b|a|c|t|e|r|i|a|l
SPLICIFY_CDS_RESISTANCE_DFRA_CL_CDS_RESISTANCE_488,CDS_RESISTANCE_DFRA__CL_CDS_RESISTANCE_488,Dfra,CDS,CDS_RESISTANCE,DfrA,selection_marker,silver,unverified,0,0,b|a|c|t|e|r|i|a|l
SPLICIFY_CDS_RESISTANCE_DFRA_CL_CDS_RESISTANCE_556,CDS_RESISTANCE_DFRA__CL_CDS_RESISTANCE_556,Dfra,CDS,CDS_RESISTANCE,DfrA,selection_marker,silver,unverified,0,0,b|a|c|t|e|r|i|a|l
SPLICIFY_CDS_RESISTANCE_STRR_CL_CDS_RESISTANCE_160,CDS_RESISTANCE_STRR__CL_CDS_RESISTANCE_160,Strr,CDS,CDS_RESISTANCE,StrR,selection_marker,silver,unverified,0,0,b|a|c|t|e|r|i|a|l
SPLICIFY_CDS_RESISTANCE_STRR_CL_CDS_RESISTANCE_376,CDS_RESISTANCE_STRR__CL_CDS_RESISTANCE_376,Strr,CDS,CDS_RESISTANCE,StrR,selection_marker,silver,unverified,0,0,b|a|c|t|e|r|i|a|l
SPLICIFY_CDS_RESISTANCE_STRR_CL_CDS_RESISTANCE_626,CDS_RESISTANCE_STRR__CL_CDS_RESISTANCE_626,Strr,CDS,CDS_RESISTANCE,StrR,selection_marker,silver,unverified,0,0,b|a|c|t|e|r|i|a|l
SPLICIFY_CDS_RESISTANCE_STRR_CL_CDS_RESISTANCE_627,CDS_RESISTANCE_STRR__CL_CDS_RESISTANCE_627,Strr,CDS,CDS_RESISTANCE,StrR,selection_marker,silver,unverified,0,0,b|a|c|t|e|r|i|a|l
SPLICIFY_GRNA_SCAFFOLD_GRNA_1_CL_GRNA_SCAFFOLD_003,GRNA_SCAFFOLD_GRNA_1__CL_GRNA_SCAFFOLD_003,Grna 1,misc_RNA,GRNA_SCAFFOLD,Grna_1,grna_scaffold,silver,unverified,0,0,s|y|n|t|h|e|t|i|c
SPLICIFY_GRNA_SCAFFOLD_RNA_CL_GRNA_SCAFFOLD_007,GRNA_SCAFFOLD_RNA__CL_GRNA_SCAFFOLD_007,Rna,misc_RNA,GRNA_SCAFFOLD,Rna,grna_scaffold,silver,unverified,0,0,s|y|n|t|h|e|t|i|c
SPLICIFY_GRNA_SCAFFOLD_RNAII_CL_GRNA_SCAFFOLD_005,GRNA_SCAFFOLD_RNAII__CL_GRNA_SCAFFOLD_005,Rnaii,misc_RNA,GRNA_SCAFFOLD,Rnaii,grna_scaffold,silver,unverified,0,0,s|y|n|t|h|e|t|i|c
SPLICIFY_GRNA_SCAFFOLD_RNAII_CL_GRNA_SCAFFOLD_006,GRNA_SCAFFOLD_RNAII__CL_GRNA_SCAFFOLD_006,Rnaii,misc_RNA,GRNA_SCAFFOLD,Rnaii,grna_scaffold,silver,unverified,0,0,s|y|n|t|h|e|t|i|c
SPLICIFY_GRNA_SCAFFOLD_TORNADO_F30_TAR_CL_76ee02a3,GRNA_SCAFFOLD_TORNADO_F30_TAR__CL_GRNA_SCAFFOLD_002,Tornado-F30-Tar,misc_RNA,GRNA_SCAFFOLD,Tornado-F30-Tar,grna_scaffold,silver,unverified,0,0,s|y|n|t|h|e|t|i|c
SPLICIFY_INTRON_IME_ACTIN_CL_INTRON_IME_016,INTRON_IME_ACTIN__CL_INTRON_IME_016,Actin,intron,INTRON_IME,Actin,intron,silver,unverified,0,0,m|a|m|m|a|l|i|a|n
SPLICIFY_INTRON_IME_ACTIN_CL_INTRON_IME_018,INTRON_IME_ACTIN__CL_INTRON_IME_018,Actin,intron,INTRON_IME,Actin,intron,silver,unverified,0,0,m|a|m|m|a|l|i|a|n
SPLICIFY_INTRON_IME_ACTIN_CL_INTRON_IME_019,INTRON_IME_ACTIN__CL_INTRON_IME_019,Actin,intron,INTRON_IME,Actin,intron,silver,unverified,0,0,m|a|m|m|a|l|i|a|n
SPLICIFY_INTRON_IME_ACTIN_CL_INTRON_IME_020,INTRON_IME_ACTIN__CL_INTRON_IME_020,Actin,intron,INTRON_IME,Actin,intron,silver,unverified,0,0,m|a|m|m|a|l|i|a|n
SPLICIFY_INTRON_IME_ACTIN_CL_INTRON_IME_032,INTRON_IME_ACTIN__CL_INTRON_IME_032,Actin,intron,INTRON_IME,Actin,intron,silver,unverified,0,0,m|a|m|m|a|l|i|a|n
SPLICIFY_INTRON_IME_ALPHATUB84B_CL_INTRON_IME_004,INTRON_IME_ALPHATUB84B__CL_INTRON_IME_004,Alphatub84B,intron,INTRON_IME,Alphatub84B,intron,silver,unverified,0,0,m|a|m|m|a|l|i|a|n
SPLICIFY_INTRON_IME_AMCYAN_CL_INTRON_IME_007,INTRON_IME_AMCYAN__CL_INTRON_IME_007,Amcyan,intron,INTRON_IME,Amcyan,intron,silver,unverified,0,0,m|a|m|m|a|l|i|a|n
SPLICIFY_INTRON_IME_BETA_GLOBIN_CL_INTRON_IME_045,INTRON_IME_BETA_GLOBIN__CL_INTRON_IME_045,Beta-Globin,intron,INTRON_IME,Beta-Globin,intron,silver,unverified,0,0,m|a|m|m|a|l|i|a|n
SPLICIFY_INTRON_IME_BLE_CL_INTRON_IME_033,INTRON_IME_BLE__CL_INTRON_IME_033,Ble,intron,INTRON_IME,Ble,intron,silver,unverified,0,0,m|a|m|m|a|l|i|a|n
SPLICIFY_INTRON_IME_CARP_CL_INTRON_IME_002,INTRON_IME_CARP__CL_INTRON_IME_002,Carp,intron,INTRON_IME,Carp,intron,silver,unverified,0,0,m|a|m|m|a|l|i|a|n
SPLICIFY_INTRON_IME_CHITINASE_CL_INTRON_IME_031,INTRON_IME_CHITINASE__CL_INTRON_IME_031,Chitinase,intron,INTRON_IME,Chitinase,intron,silver,unverified,0,0,m|a|m|m|a|l|i|a|n
SPLICIFY_INTRON_IME_CHLAMYDOMONAS_CL_INTR_27bbb0a3,INTRON_IME_CHLAMYDOMONAS__CL_INTRON_IME_008,Chlamydomonas,intron,INTRON_IME,Chlamydomonas,intron,silver,unverified,0,0,m|a|m|m|a|l|i|a|n
SPLICIFY_INTRON_IME_CHSA_CL_INTRON_IME_039,INTRON_IME_CHSA__CL_INTRON_IME_039,Chsa,intron,INTRON_IME,Chsa,intron,silver,unverified,0,0,m|a|m|m|a|l|i|a|n
SPLICIFY_INTRON_IME_CHSA_CL_INTRON_IME_040,INTRON_IME_CHSA__CL_INTRON_IME_040,Chsa,intron,INTRON_IME,Chsa,intron,silver,unverified,0,0,m|a|m|m|a|l|i|a|n
SPLICIFY_INTRON_IME_CHTRA_CL_INTRON_IME_006,INTRON_IME_CHTRA__CL_INTRON_IME_006,Chtra,intron,INTRON_IME,Chtra,intron,silver,unverified,0,0,m|a|m|m|a|l|i|a|n
SPLICIFY_INTRON_IME_DLL4_CL_INTRON_IME_005,INTRON_IME_DLL4__CL_INTRON_IME_005,Dll4,intron,INTRON_IME,Dll4,intron,silver,unverified,0,0,m|a|m|m|a|l|i|a|n
SPLICIFY_INTRON_IME_EF1_ALPHA_CL_INTRON_IME_038,INTRON_IME_EF1_ALPHA__CL_INTRON_IME_038,Ef1-Alpha,intron,INTRON_IME,Ef1-Alpha,intron,silver,unverified,0,0,m|a|m|m|a|l|i|a|n
SPLICIFY_INTRON_IME_EN2_CL_INTRON_IME_037,INTRON_IME_EN2__CL_INTRON_IME_037,En2,intron,INTRON_IME,En2,intron,silver,unverified,0,0,m|a|m|m|a|l|i|a|n
SPLICIFY_INTRON_IME_FLAVERIA_CL_INTRON_IME_012,INTRON_IME_FLAVERIA__CL_INTRON_IME_012,Flaveria,intron,INTRON_IME,Flaveria,intron,silver,unverified,0,0,m|a|m|m|a|l|i|a|n
SPLICIFY_INTRON_IME_GUSA_CL_INTRON_IME_028,INTRON_IME_GUSA__CL_INTRON_IME_028,Gusa,intron,INTRON_IME,Gusa,intron,silver,unverified,0,0,m|a|m|m|a|l|i|a|n
SPLICIFY_INTRON_IME_HUMHPRTB_CL_INTRON_IME_044,INTRON_IME_HUMHPRTB__CL_INTRON_IME_044,Humhprtb,intron,INTRON_IME,Humhprtb,intron,silver,unverified,0,0,m|a|m|m|a|l|i|a|n
SPLICIFY_INTRON_IME_HX1_CL_INTRON_IME_022,INTRON_IME_HX1__CL_INTRON_IME_022,Hx1,intron,INTRON_IME,Hx1,intron,silver,unverified,0,0,m|a|m|m|a|l|i|a|n
SPLICIFY_INTRON_IME_HX1_CL_INTRON_IME_025,INTRON_IME_HX1__CL_INTRON_IME_025,Hx1,intron,INTRON_IME,Hx1,intron,silver,unverified,0,0,m|a|m|m|a|l|i|a|n
SPLICIFY_INTRON_IME_HX1_CL_INTRON_IME_027,INTRON_IME_HX1__CL_INTRON_IME_027,Hx1,intron,INTRON_IME,Hx1,intron,silver,unverified,0,0,m|a|m|m|a|l|i|a|n
SPLICIFY_INTRON_IME_IGAPDHI_CL_INTRON_IME_011,INTRON_IME_IGAPDHI__CL_INTRON_IME_011,Igapdhi,intron,INTRON_IME,Igapdhi,intron,silver,unverified,0,0,m|a|m|m|a|l|i|a|n
SPLICIFY_INTRON_IME_IGAPDHII_CL_INTRON_IME_017,INTRON_IME_IGAPDHII__CL_INTRON_IME_017,Igapdhii,intron,INTRON_IME,Igapdhii,intron,silver,unverified,0,0,m|a|m|m|a|l|i|a|n
SPLICIFY_INTRON_IME_IGAPDHII_CL_INTRON_IME_023,INTRON_IME_IGAPDHII__CL_INTRON_IME_023,Igapdhii,intron,INTRON_IME,Igapdhii,intron,silver,unverified,0,0,m|a|m|m|a|l|i|a|n
SPLICIFY_INTRON_IME_IGAPDHII_CL_INTRON_IME_024,INTRON_IME_IGAPDHII__CL_INTRON_IME_024,Igapdhii,intron,INTRON_IME,Igapdhii,intron,silver,unverified,0,0,m|a|m|m|a|l|i|a|n
SPLICIFY_INTRON_IME_IGAPDHII_CL_INTRON_IME_026,INTRON_IME_IGAPDHII__CL_INTRON_IME_026,Igapdhii,intron,INTRON_IME,Igapdhii,intron,silver,unverified,0,0,m|a|m|m|a|l|i|a|n
SPLICIFY_INTRON_IME_IGAPDHI_II_CL_INTRON_IME_021,INTRON_IME_IGAPDHI_II__CL_INTRON_IME_021,Igapdhi-Ii,intron,INTRON_IME,Igapdhi-Ii,intron,silver,unverified,0,0,m|a|m|m|a|l|i|a|n
SPLICIFY_INTRON_IME_INTRON_CL_INTRON_IME_034,INTRON_IME_INTRON__CL_INTRON_IME_034,Intron,intron,INTRON_IME,intron,intron,silver,unverified,0,0,m|a|m|m|a|l|i|a|n
SPLICIFY_INTRON_IME_MIR_FF4_CL_INTRON_IME_001,INTRON_IME_MIR_FF4__CL_INTRON_IME_001,Mir-Ff4,intron,INTRON_IME,Mir-Ff4,intron,silver,unverified,0,0,m|a|m|m|a|l|i|a|n
SPLICIFY_INTRON_IME_MIR_FF4_CL_INTRON_IME_010,INTRON_IME_MIR_FF4__CL_INTRON_IME_010,Mir-Ff4,intron,INTRON_IME,Mir-Ff4,intron,silver,unverified,0,0,m|a|m|m|a|l|i|a|n
SPLICIFY_INTRON_IME_MODIFIED_CL_INTRON_IME_003,INTRON_IME_MODIFIED__CL_INTRON_IME_003,Modified,intron,INTRON_IME,Modified,intron,silver,unverified,0,0,m|a|m|m|a|l|i|a|n
SPLICIFY_INTRON_IME_NUMBER_CL_INTRON_IME_035,INTRON_IME_NUMBER__CL_INTRON_IME_035,Number,intron,INTRON_IME,Number,intron,silver,unverified,0,0,m|a|m|m|a|l|i|a|n
SPLICIFY_INTRON_IME_PDK_CL_INTRON_IME_042,INTRON_IME_PDK__CL_INTRON_IME_042,Pdk,intron,INTRON_IME,Pdk,intron,silver,unverified,0,0,m|a|m|m|a|l|i|a|n
SPLICIFY_INTRON_IME_SV40_CL_INTRON_IME_041,INTRON_IME_SV40__CL_INTRON_IME_041,Sv40,intron,INTRON_IME,Sv40,intron,silver,unverified,0,0,m|a|m|m|a|l|i|a|n
SPLICIFY_INTRON_IME_SYNTHETIC_CL_INTRON_IME_036,INTRON_IME_SYNTHETIC__CL_INTRON_IME_036,Synthetic,intron,INTRON_IME,Synthetic,intron,silver,unverified,0,0,m|a|m|m|a|l|i|a|n
SPLICIFY_INTRON_IME_UBIQUITIN_CL_INTRON_IME_015,INTRON_IME_UBIQUITIN__CL_INTRON_IME_015,Ubiquitin,intron,INTRON_IME,Ubiquitin,intron,silver,unverified,0,0,m|a|m|m|a|l|i|a|n
SPLICIFY_ORI_BACTERIAL_2MICRON_CL_ORI_BAC_971ec749,ORI_BACTERIAL_2MICRON__CL_ORI_BACTERIAL_053,2Micron,rep_origin,ORI_BACTERIAL,2Micron,ori,silver,unverified,0,0,b|a|c|t|e|r|i|a|l
SPLICIFY_ORI_BACTERIAL_2MICRON_CL_ORI_BAC_6d36444c,ORI_BACTERIAL_2MICRON__CL_ORI_BACTERIAL_100,2Micron,rep_origin,ORI_BACTERIAL,2Micron,ori,silver,unverified,0,0,b|a|c|t|e|r|i|a|l
SPLICIFY_ORI_BACTERIAL_AGROBACTERIUM_CL_O_e2b97cea,ORI_BACTERIAL_AGROBACTERIUM__CL_ORI_BACTERIAL_151,Agrobacterium,rep_origin,ORI_BACTERIAL,Agrobacterium,ori,silver,unverified,0,0,b|a|c|t|e|r|i|a|l
SPLICIFY_ORI_BACTERIAL_ARS1_CL_ORI_BACTERIAL_038,ORI_BACTERIAL_ARS1__CL_ORI_BACTERIAL_038,Ars1,rep_origin,ORI_BACTERIAL,Ars1,ori,silver,unverified,0,0,b|a|c|t|e|r|i|a|l
SPLICIFY_ORI_BACTERIAL_ARS1_CL_ORI_BACTERIAL_128,ORI_BACTERIAL_ARS1__CL_ORI_BACTERIAL_128,Ars1,rep_origin,ORI_BACTERIAL,Ars1,ori,silver,unverified,0,0,b|a|c|t|e|r|i|a|l
SPLICIFY_ORI_BACTERIAL_ARS4_CL_ORI_BACTERIAL_052,ORI_BACTERIAL_ARS4__CL_ORI_BACTERIAL_052,Ars4,rep_origin,ORI_BACTERIAL,Ars4,ori,silver,unverified,0,0,b|a|c|t|e|r|i|a|l
SPLICIFY_ORI_BACTERIAL_ARSH4_CL_ORI_BACTERIAL_172,ORI_BACTERIAL_ARSH4__CL_ORI_BACTERIAL_172,Arsh4,rep_origin,ORI_BACTERIAL,Arsh4,ori,silver,unverified,0,0,b|a|c|t|e|r|i|a|l
SPLICIFY_ORI_BACTERIAL_CDF_CL_ORI_BACTERIAL_062,ORI_BACTERIAL_CDF__CL_ORI_BACTERIAL_062,Cdf,rep_origin,ORI_BACTERIAL,Cdf,ori,silver,unverified,0,0,b|a|c|t|e|r|i|a|l
SPLICIFY_ORI_BACTERIAL_CEN_ARS_CL_ORI_BAC_16603220,ORI_BACTERIAL_CEN/ARS__CL_ORI_BACTERIAL_012,Cen/Ars,rep_origin,ORI_BACTERIAL,Cen/Ars,ori,silver,unverified,0,0,b|a|c|t|e|r|i|a|l
SPLICIFY_ORI_BACTERIAL_CEN4_ARS416_CL_ORI_b8fb34e5,ORI_BACTERIAL_CEN4/ARS416__CL_ORI_BACTERIAL_010,Cen4/Ars416,rep_origin,ORI_BACTERIAL,Cen4/Ars416,ori,silver,unverified,0,0,b|a|c|t|e|r|i|a|l
SPLICIFY_ORI_BACTERIAL_CEN4_ARS416_CL_ORI_7b2d51f6,ORI_BACTERIAL_CEN4/ARS416__CL_ORI_BACTERIAL_011,Cen4/Ars416,rep_origin,ORI_BACTERIAL,Cen4/Ars416,ori,silver,unverified,0,0,b|a|c|t|e|r|i|a|l
SPLICIFY_ORI_BACTERIAL_CEN4_ARS416_CL_ORI_f695f7cc,ORI_BACTERIAL_CEN4/ARS416__CL_ORI_BACTERIAL_125,Cen4/Ars416,rep_origin,ORI_BACTERIAL,Cen4/Ars416,ori,silver,unverified,0,0,b|a|c|t|e|r|i|a|l
SPLICIFY_ORI_BACTERIAL_CEN4_ARS416_CL_ORI_76d6fc54,ORI_BACTERIAL_CEN4/ARS416__CL_ORI_BACTERIAL_202,Cen4/Ars416,rep_origin,ORI_BACTERIAL,Cen4/Ars416,ori,silver,unverified,0,0,b|a|c|t|e|r|i|a|l
SPLICIFY_ORI_BACTERIAL_CEN6_ARS4_CL_ORI_B_f01a0663,ORI_BACTERIAL_CEN6/ARS4__CL_ORI_BACTERIAL_029,Cen6/Ars4,rep_origin,ORI_BACTERIAL,Cen6/Ars4,ori,silver,unverified,0,0,b|a|c|t|e|r|i|a|l
SPLICIFY_ORI_BACTERIAL_CEN6_ARSH_CL_ORI_B_162a4e1e,ORI_BACTERIAL_CEN6/ARSH__CL_ORI_BACTERIAL_157,Cen6/Arsh,rep_origin,ORI_BACTERIAL,Cen6/Arsh,ori,silver,unverified,0,0,b|a|c|t|e|r|i|a|l
SPLICIFY_ORI_BACTERIAL_CEREVISIAE_CL_ORI__1b84b95b,ORI_BACTERIAL_CEREVISIAE__CL_ORI_BACTERIAL_180,Cerevisiae,rep_origin,ORI_BACTERIAL,Cerevisiae,ori,silver,unverified,0,0,b|a|c|t|e|r|i|a|l
SPLICIFY_ORI_BACTERIAL_CEREVISIAE_CL_ORI__784ad54d,ORI_BACTERIAL_CEREVISIAE__CL_ORI_BACTERIAL_181,Cerevisiae,rep_origin,ORI_BACTERIAL,Cerevisiae,ori,silver,unverified,0,0,b|a|c|t|e|r|i|a|l
SPLICIFY_ORI_BACTERIAL_COL_CL_ORI_BACTERIAL_186,ORI_BACTERIAL_COL__CL_ORI_BACTERIAL_186,Col,rep_origin,ORI_BACTERIAL,Col,ori,silver,unverified,0,0,b|a|c|t|e|r|i|a|l
SPLICIFY_ORI_BACTERIAL_COLE1_CL_ORI_BACTERIAL_005,ORI_BACTERIAL_COLE1__CL_ORI_BACTERIAL_005,Cole1,rep_origin,ORI_BACTERIAL,Cole1,ori,silver,unverified,0,0,b|a|c|t|e|r|i|a|l
SPLICIFY_ORI_BACTERIAL_COLE1_CL_ORI_BACTERIAL_014,ORI_BACTERIAL_COLE1__CL_ORI_BACTERIAL_014,Cole1,rep_origin,ORI_BACTERIAL,Cole1,ori,silver,unverified,0,0,b|a|c|t|e|r|i|a|l
SPLICIFY_ORI_BACTERIAL_COLE1_CL_ORI_BACTERIAL_028,ORI_BACTERIAL_COLE1__CL_ORI_BACTERIAL_028,Cole1,rep_origin,ORI_BACTERIAL,Cole1,ori,silver,unverified,0,0,b|a|c|t|e|r|i|a|l
SPLICIFY_ORI_BACTERIAL_COLE1_CL_ORI_BACTERIAL_031,ORI_BACTERIAL_COLE1__CL_ORI_BACTERIAL_031,Cole1,rep_origin,ORI_BACTERIAL,Cole1,ori,silver,unverified,0,0,b|a|c|t|e|r|i|a|l
SPLICIFY_ORI_BACTERIAL_COLE1_CL_ORI_BACTERIAL_032,ORI_BACTERIAL_COLE1__CL_ORI_BACTERIAL_032,Cole1,rep_origin,ORI_BACTERIAL,Cole1,ori,silver,unverified,0,0,b|a|c|t|e|r|i|a|l
SPLICIFY_ORI_BACTERIAL_COLE1_CL_ORI_BACTERIAL_033,ORI_BACTERIAL_COLE1__CL_ORI_BACTERIAL_033,Cole1,rep_origin,ORI_BACTERIAL,Cole1,ori,silver,unverified,0,0,b|a|c|t|e|r|i|a|l
SPLICIFY_ORI_BACTERIAL_COLE1_CL_ORI_BACTERIAL_034,ORI_BACTERIAL_COLE1__CL_ORI_BACTERIAL_034,Cole1,rep_origin,ORI_BACTERIAL,Cole1,ori,silver,unverified,0,0,b|a|c|t|e|r|i|a|l
SPLICIFY_ORI_BACTERIAL_COLE1_CL_ORI_BACTERIAL_050,ORI_BACTERIAL_COLE1__CL_ORI_BACTERIAL_050,Cole1,rep_origin,ORI_BACTERIAL,Cole1,ori,silver,unverified,0,0,b|a|c|t|e|r|i|a|l
SPLICIFY_ORI_BACTERIAL_COLE1_CL_ORI_BACTERIAL_051,ORI_BACTERIAL_COLE1__CL_ORI_BACTERIAL_051,Cole1,rep_origin,ORI_BACTERIAL,Cole1,ori,silver,unverified,0,0,b|a|c|t|e|r|i|a|l
SPLICIFY_ORI_BACTERIAL_COLE1_CL_ORI_BACTERIAL_083,ORI_BACTERIAL_COLE1__CL_ORI_BACTERIAL_083,Cole1,rep_origin,ORI_BACTERIAL,Cole1,ori,silver,unverified,0,0,b|a|c|t|e|r|i|a|l
SPLICIFY_ORI_BACTERIAL_COLE1_CL_ORI_BACTERIAL_088,ORI_BACTERIAL_COLE1__CL_ORI_BACTERIAL_088,Cole1,rep_origin,ORI_BACTERIAL,Cole1,ori,silver,unverified,0,0,b|a|c|t|e|r|i|a|l
SPLICIFY_ORI_BACTERIAL_COLE1_CL_ORI_BACTERIAL_091,ORI_BACTERIAL_COLE1__CL_ORI_BACTERIAL_091,Cole1,rep_origin,ORI_BACTERIAL,Cole1,ori,silver,unverified,0,0,b|a|c|t|e|r|i|a|l
SPLICIFY_ORI_BACTERIAL_COLE1_CL_ORI_BACTERIAL_093,ORI_BACTERIAL_COLE1__CL_ORI_BACTERIAL_093,Cole1,rep_origin,ORI_BACTERIAL,Cole1,ori,silver,unverified,0,0,b|a|c|t|e|r|i|a|l
SPLICIFY_ORI_BACTERIAL_COLE1_CL_ORI_BACTERIAL_097,ORI_BACTERIAL_COLE1__CL_ORI_BACTERIAL_097,Cole1,rep_origin,ORI_BACTERIAL,Cole1,ori,silver,unverified,0,0,b|a|c|t|e|r|i|a|l
SPLICIFY_ORI_BACTERIAL_COLE1_CL_ORI_BACTERIAL_099,ORI_BACTERIAL_COLE1__CL_ORI_BACTERIAL_099,Cole1,rep_origin,ORI_BACTERIAL,Cole1,ori,silver,unverified,0,0,b|a|c|t|e|r|i|a|l
SPLICIFY_ORI_BACTERIAL_COLE1_CL_ORI_BACTERIAL_106,ORI_BACTERIAL_COLE1__CL_ORI_BACTERIAL_106,Cole1,rep_origin,ORI_BACTERIAL,Cole1,ori,silver,unverified,0,0,b|a|c|t|e|r|i|a|l
SPLICIFY_ORI_BACTERIAL_COLE1_CL_ORI_BACTERIAL_107,ORI_BACTERIAL_COLE1__CL_ORI_BACTERIAL_107,Cole1,rep_origin,ORI_BACTERIAL,Cole1,ori,silver,unverified,0,0,b|a|c|t|e|r|i|a|l
SPLICIFY_ORI_BACTERIAL_COLE1_CL_ORI_BACTERIAL_108,ORI_BACTERIAL_COLE1__CL_ORI_BACTERIAL_108,Cole1,rep_origin,ORI_BACTERIAL,Cole1,ori,silver,unverified,0,0,b|a|c|t|e|r|i|a|l
SPLICIFY_ORI_BACTERIAL_COLE1_CL_ORI_BACTERIAL_109,ORI_BACTERIAL_COLE1__CL_ORI_BACTERIAL_109,Cole1,rep_origin,ORI_BACTERIAL,Cole1,ori,silver,unverified,0,0,b|a|c|t|e|r|i|a|l
SPLICIFY_ORI_BACTERIAL_COLE1_CL_ORI_BACTERIAL_120,ORI_BACTERIAL_COLE1__CL_ORI_BACTERIAL_120,Cole1,rep_origin,ORI_BACTERIAL,Cole1,ori,silver,unverified,0,0,b|a|c|t|e|r|i|a|l
SPLICIFY_ORI_BACTERIAL_COLE1_CL_ORI_BACTERIAL_142,ORI_BACTERIAL_COLE1__CL_ORI_BACTERIAL_142,Cole1,rep_origin,ORI_BACTERIAL,Cole1,ori,silver,unverified,0,0,b|a|c|t|e|r|i|a|l
SPLICIFY_ORI_BACTERIAL_COLE1_CL_ORI_BACTERIAL_171,ORI_BACTERIAL_COLE1__CL_ORI_BACTERIAL_171,Cole1,rep_origin,ORI_BACTERIAL,Cole1,ori,silver,unverified,0,0,b|a|c|t|e|r|i|a|l
SPLICIFY_ORI_BACTERIAL_COLE1_CL_ORI_BACTERIAL_197,ORI_BACTERIAL_COLE1__CL_ORI_BACTERIAL_197,Cole1,rep_origin,ORI_BACTERIAL,Cole1,ori,silver,unverified,0,0,b|a|c|t|e|r|i|a|l
SPLICIFY_ORI_BACTERIAL_COLI_CL_ORI_BACTERIAL_115,ORI_BACTERIAL_COLI__CL_ORI_BACTERIAL_115,Coli,rep_origin,ORI_BACTERIAL,Coli,ori,silver,unverified,0,0,b|a|c|t|e|r|i|a|l
SPLICIFY_ORI_BACTERIAL_CTH_CL_ORI_BACTERIAL_158,ORI_BACTERIAL_CTH__CL_ORI_BACTERIAL_158,Cth,rep_origin,ORI_BACTERIAL,Cth,ori,silver,unverified,0,0,b|a|c|t|e|r|i|a|l
SPLICIFY_ORI_BACTERIAL_DDP2_CL_ORI_BACTERIAL_205,ORI_BACTERIAL_DDP2__CL_ORI_BACTERIAL_205,Ddp2,rep_origin,ORI_BACTERIAL,Ddp2,ori,silver,unverified,0,0,b|a|c|t|e|r|i|a|l
SPLICIFY_ORI_BACTERIAL_DERIVED_CL_ORI_BAC_273c6831,ORI_BACTERIAL_DERIVED__CL_ORI_BACTERIAL_176,Derived,rep_origin,ORI_BACTERIAL,Derived,ori,silver,unverified,0,0,b|a|c|t|e|r|i|a|l
SPLICIFY_ORI_BACTERIAL_DERIVED_CL_ORI_BAC_d0d3da37,ORI_BACTERIAL_DERIVED__CL_ORI_BACTERIAL_194,Derived,rep_origin,ORI_BACTERIAL,Derived,ori,silver,unverified,0,0,b|a|c|t|e|r|i|a|l
SPLICIFY_ORI_BACTERIAL_EPSTEIN_CL_ORI_BAC_0fe97836,ORI_BACTERIAL_EPSTEIN__CL_ORI_BACTERIAL_168,Epstein,rep_origin,ORI_BACTERIAL,Epstein,ori,silver,unverified,0,0,b|a|c|t|e|r|i|a|l
SPLICIFY_ORI_BACTERIAL_F1_CL_ORI_BACTERIAL_156,ORI_BACTERIAL_F1+__CL_ORI_BACTERIAL_156,F1+,rep_origin,ORI_BACTERIAL,F1+,ori,silver,unverified,0,0,b|a|c|t|e|r|i|a|l
SPLICIFY_ORI_BACTERIAL_FISSION_CL_ORI_BAC_c9ccb321,ORI_BACTERIAL_FISSION__CL_ORI_BACTERIAL_196,Fission,rep_origin,ORI_BACTERIAL,Fission,ori,silver,unverified,0,0,b|a|c|t|e|r|i|a|l
SPLICIFY_ORI_BACTERIAL_MYCOBACTERIAL_CL_O_4b03fa47,ORI_BACTERIAL_MYCOBACTERIAL__CL_ORI_BACTERIAL_144,Mycobacterial,rep_origin,ORI_BACTERIAL,Mycobacterial,ori,silver,unverified,0,0,b|a|c|t|e|r|i|a|l
SPLICIFY_ORI_BACTERIAL_MYCOBACTERIAL_CL_O_c8fd84a7,ORI_BACTERIAL_MYCOBACTERIAL__CL_ORI_BACTERIAL_167,Mycobacterial,rep_origin,ORI_BACTERIAL,Mycobacterial,ori,silver,unverified,0,0,b|a|c|t|e|r|i|a|l
SPLICIFY_ORI_BACTERIAL_ORI6KGAMMA_CL_ORI__bf812fbd,ORI_BACTERIAL_ORI6KGAMMA__CL_ORI_BACTERIAL_037,Ori6Kgamma,rep_origin,ORI_BACTERIAL,Ori6Kgamma,ori,silver,unverified,0,0,b|a|c|t|e|r|i|a|l
SPLICIFY_ORI_BACTERIAL_ORIF1_CL_ORI_BACTERIAL_173,ORI_BACTERIAL_ORIF1__CL_ORI_BACTERIAL_173,Orif1,rep_origin,ORI_BACTERIAL,Orif1,ori,silver,unverified,0,0,b|a|c|t|e|r|i|a|l
SPLICIFY_ORI_BACTERIAL_ORIM_CL_ORI_BACTERIAL_132,ORI_BACTERIAL_ORIM__CL_ORI_BACTERIAL_132,Orim,rep_origin,ORI_BACTERIAL,Orim,ori,silver,unverified,0,0,b|a|c|t|e|r|i|a|l
SPLICIFY_ORI_BACTERIAL_ORIS_CL_ORI_BACTERIAL_116,ORI_BACTERIAL_ORIS__CL_ORI_BACTERIAL_116,Oris,rep_origin,ORI_BACTERIAL,Oris,ori,silver,unverified,0,0,b|a|c|t|e|r|i|a|l
SPLICIFY_ORI_BACTERIAL_ORIT_CL_ORI_BACTERIAL_134,ORI_BACTERIAL_ORIT__CL_ORI_BACTERIAL_134,Orit,rep_origin,ORI_BACTERIAL,Orit,ori,silver,unverified,0,0,b|a|c|t|e|r|i|a|l
SPLICIFY_ORI_BACTERIAL_ORIV_CL_ORI_BACTERIAL_048,ORI_BACTERIAL_ORIV__CL_ORI_BACTERIAL_048,Oriv,rep_origin,ORI_BACTERIAL,Oriv,ori,silver,unverified,0,0,b|a|c|t|e|r|i|a|l
SPLICIFY_ORI_BACTERIAL_ORIV_CL_ORI_BACTERIAL_049,ORI_BACTERIAL_ORIV__CL_ORI_BACTERIAL_049,Oriv,rep_origin,ORI_BACTERIAL,Oriv,ori,silver,unverified,0,0,b|a|c|t|e|r|i|a|l
SPLICIFY_ORI_BACTERIAL_ORIV_CL_ORI_BACTERIAL_117,ORI_BACTERIAL_ORIV__CL_ORI_BACTERIAL_117,Oriv,rep_origin,ORI_BACTERIAL,Oriv,ori,silver,unverified,0,0,b|a|c|t|e|r|i|a|l
SPLICIFY_ORI_BACTERIAL_ORIV_CL_ORI_BACTERIAL_191,ORI_BACTERIAL_ORIV__CL_ORI_BACTERIAL_191,Oriv,rep_origin,ORI_BACTERIAL,Oriv,ori,silver,unverified,0,0,b|a|c|t|e|r|i|a|l
SPLICIFY_ORI_BACTERIAL_ORIV_CL_ORI_BACTERIAL_200,ORI_BACTERIAL_ORIV__CL_ORI_BACTERIAL_200,Oriv,rep_origin,ORI_BACTERIAL,Oriv,ori,silver,unverified,0,0,b|a|c|t|e|r|i|a|l
SPLICIFY_ORI_BACTERIAL_ORIV_CL_ORI_BACTERIAL_203,ORI_BACTERIAL_ORIV__CL_ORI_BACTERIAL_203,Oriv,rep_origin,ORI_BACTERIAL,Oriv,ori,silver,unverified,0,0,b|a|c|t|e|r|i|a|l
SPLICIFY_ORI_BACTERIAL_ORI_PCG1_CL_ORI_BA_c509525e,ORI_BACTERIAL_ORI_PCG1__CL_ORI_BACTERIAL_076,Ori Pcg1,rep_origin,ORI_BACTERIAL,Ori_Pcg1,ori,silver,unverified,0,0,b|a|c|t|e|r|i|a|l
SPLICIFY_ORI_BACTERIAL_PBBR1_CL_ORI_BACTERIAL_001,ORI_BACTERIAL_PBBR1__CL_ORI_BACTERIAL_001,Pbbr1,rep_origin,ORI_BACTERIAL,pBBR1,ori,silver,unverified,0,0,b|a|c|t|e|r|i|a|l
SPLICIFY_ORI_BACTERIAL_PBBR1_CL_ORI_BACTERIAL_002,ORI_BACTERIAL_PBBR1__CL_ORI_BACTERIAL_002,Pbbr1,rep_origin,ORI_BACTERIAL,Pbbr1,ori,silver,unverified,0,0,b|a|c|t|e|r|i|a|l
SPLICIFY_ORI_BACTERIAL_PBBR1_CL_ORI_BACTERIAL_004,ORI_BACTERIAL_PBBR1__CL_ORI_BACTERIAL_004,Pbbr1,rep_origin,ORI_BACTERIAL,pBBR1,ori,silver,unverified,0,0,b|a|c|t|e|r|i|a|l
SPLICIFY_ORI_BACTERIAL_PBBR1_CL_ORI_BACTERIAL_024,ORI_BACTERIAL_PBBR1__CL_ORI_BACTERIAL_024,Pbbr1,rep_origin,ORI_BACTERIAL,pBBR1,ori,silver,unverified,0,0,b|a|c|t|e|r|i|a|l
SPLICIFY_ORI_BACTERIAL_PBBR1_CL_ORI_BACTERIAL_169,ORI_BACTERIAL_PBBR1__CL_ORI_BACTERIAL_169,Pbbr1,rep_origin,ORI_BACTERIAL,pBBR1,ori,silver,unverified,0,0,b|a|c|t|e|r|i|a|l
SPLICIFY_ORI_BACTERIAL_PBBR1_CL_ORI_BACTERIAL_189,ORI_BACTERIAL_PBBR1__CL_ORI_BACTERIAL_189,Pbbr1,rep_origin,ORI_BACTERIAL,Pbbr1,ori,silver,unverified,0,0,b|a|c|t|e|r|i|a|l
SPLICIFY_ORI_BACTERIAL_PHAGE_CL_ORI_BACTERIAL_035,ORI_BACTERIAL_PHAGE__CL_ORI_BACTERIAL_035,Phage,rep_origin,ORI_BACTERIAL,Phage,ori,silver,unverified,0,0,b|a|c|t|e|r|i|a|l
SPLICIFY_ORI_BACTERIAL_PHAGE_CL_ORI_BACTERIAL_036,ORI_BACTERIAL_PHAGE__CL_ORI_BACTERIAL_036,Phage,rep_origin,ORI_BACTERIAL,Phage,ori,silver,unverified,0,0,b|a|c|t|e|r|i|a|l
SPLICIFY_ORI_BACTERIAL_PLG339_CL_ORI_BACTERIAL_182,ORI_BACTERIAL_PLG339__CL_ORI_BACTERIAL_182,Plg339,rep_origin,ORI_BACTERIAL,Plg339,ori,silver,unverified,0,0,b|a|c|t|e|r|i|a|l
SPLICIFY_ORI_BACTERIAL_PMB1_CL_ORI_BACTERIAL_161,ORI_BACTERIAL_PMB1__CL_ORI_BACTERIAL_161,Pmb1,rep_origin,ORI_BACTERIAL,Pmb1,ori,silver,unverified,0,0,b|a|c|t|e|r|i|a|l
SPLICIFY_ORI_BACTERIAL_PMB1_CL_ORI_BACTERIAL_204,ORI_BACTERIAL_PMB1__CL_ORI_BACTERIAL_204,Pmb1,rep_origin,ORI_BACTERIAL,Pmb1,ori,silver,unverified,0,0,b|a|c|t|e|r|i|a|l
SPLICIFY_ORI_BACTERIAL_PSA_ORI_CL_ORI_BAC_596c404d,ORI_BACTERIAL_PSA_ORI__CL_ORI_BACTERIAL_015,Psa-Ori,rep_origin,ORI_BACTERIAL,Psa-Ori,ori,silver,unverified,0,0,b|a|c|t|e|r|i|a|l
SPLICIFY_ORI_BACTERIAL_PSA_ORI_CL_ORI_BAC_b14148b3,ORI_BACTERIAL_PSA_ORI__CL_ORI_BACTERIAL_198,Psa-Ori,rep_origin,ORI_BACTERIAL,Psa-Ori,ori,silver,unverified,0,0,b|a|c|t|e|r|i|a|l
SPLICIFY_ORI_BACTERIAL_PUC_CL_ORI_BACTERIAL_121,ORI_BACTERIAL_PUC__CL_ORI_BACTERIAL_121,Puc,rep_origin,ORI_BACTERIAL,Puc,ori,silver,unverified,0,0,b|a|c|t|e|r|i|a|l
SPLICIFY_ORI_BACTERIAL_PVS1_CL_ORI_BACTERIAL_054,ORI_BACTERIAL_PVS1__CL_ORI_BACTERIAL_054,Pvs1,rep_origin,ORI_BACTERIAL,Pvs1,ori,silver,unverified,0,0,b|a|c|t|e|r|i|a|l
SPLICIFY_ORI_BACTERIAL_PVS1_CL_ORI_BACTERIAL_141,ORI_BACTERIAL_PVS1__CL_ORI_BACTERIAL_141,Pvs1,rep_origin,ORI_BACTERIAL,Pvs1,ori,silver,unverified,0,0,b|a|c|t|e|r|i|a|l
SPLICIFY_ORI_BACTERIAL_PVS1_CL_ORI_BACTERIAL_160,ORI_BACTERIAL_PVS1__CL_ORI_BACTERIAL_160,Pvs1,rep_origin,ORI_BACTERIAL,Pvs1,ori,silver,unverified,0,0,b|a|c|t|e|r|i|a|l
SPLICIFY_ORI_BACTERIAL_R6K_CL_ORI_BACTERIAL_023,ORI_BACTERIAL_R6K__CL_ORI_BACTERIAL_023,R6K,rep_origin,ORI_BACTERIAL,R6K,ori,silver,unverified,0,0,b|a|c|t|e|r|i|a|l
SPLICIFY_ORI_BACTERIAL_R6K_CL_ORI_BACTERIAL_041,ORI_BACTERIAL_R6K__CL_ORI_BACTERIAL_041,R6K,rep_origin,ORI_BACTERIAL,R6K,ori,silver,unverified,0,0,b|a|c|t|e|r|i|a|l
SPLICIFY_ORI_BACTERIAL_R6K_CL_ORI_BACTERIAL_075,ORI_BACTERIAL_R6K__CL_ORI_BACTERIAL_075,R6K,rep_origin,ORI_BACTERIAL,R6K,ori,silver,unverified,0,0,b|a|c|t|e|r|i|a|l
SPLICIFY_ORI_BACTERIAL_R6K_CL_ORI_BACTERIAL_110,ORI_BACTERIAL_R6K__CL_ORI_BACTERIAL_110,R6K,rep_origin,ORI_BACTERIAL,R6K,ori,silver,unverified,0,0,b|a|c|t|e|r|i|a|l
SPLICIFY_ORI_BACTERIAL_R6K_CL_ORI_BACTERIAL_112,ORI_BACTERIAL_R6K__CL_ORI_BACTERIAL_112,R6K,rep_origin,ORI_BACTERIAL,R6K,ori,silver,unverified,0,0,b|a|c|t|e|r|i|a|l
SPLICIFY_ORI_BACTERIAL_R6K_CL_ORI_BACTERIAL_131,ORI_BACTERIAL_R6K__CL_ORI_BACTERIAL_131,R6K,rep_origin,ORI_BACTERIAL,R6K,ori,silver,unverified,0,0,b|a|c|t|e|r|i|a|l
SPLICIFY_ORI_BACTERIAL_R6K_CL_ORI_BACTERIAL_146,ORI_BACTERIAL_R6K__CL_ORI_BACTERIAL_146,R6K,rep_origin,ORI_BACTERIAL,R6K,ori,silver,unverified,0,0,b|a|c|t|e|r|i|a|l
SPLICIFY_ORI_BACTERIAL_R6K_CL_ORI_BACTERIAL_148,ORI_BACTERIAL_R6K__CL_ORI_BACTERIAL_148,R6K,rep_origin,ORI_BACTERIAL,R6K,ori,silver,unverified,0,0,b|a|c|t|e|r|i|a|l
SPLICIFY_ORI_BACTERIAL_R6K_CL_ORI_BACTERIAL_154,ORI_BACTERIAL_R6K__CL_ORI_BACTERIAL_154,R6K,rep_origin,ORI_BACTERIAL,R6K,ori,silver,unverified,0,0,b|a|c|t|e|r|i|a|l
SPLICIFY_ORI_BACTERIAL_R6K_CL_ORI_BACTERIAL_163,ORI_BACTERIAL_R6K__CL_ORI_BACTERIAL_163,R6K,rep_origin,ORI_BACTERIAL,R6K,ori,silver,unverified,0,0,b|a|c|t|e|r|i|a|l
SPLICIFY_ORI_BACTERIAL_R6K_CL_ORI_BACTERIAL_174,ORI_BACTERIAL_R6K__CL_ORI_BACTERIAL_174,R6K,rep_origin,ORI_BACTERIAL,R6K,ori,silver,unverified,0,0,b|a|c|t|e|r|i|a|l
SPLICIFY_ORI_BACTERIAL_R6K_CL_ORI_BACTERIAL_177,ORI_BACTERIAL_R6K__CL_ORI_BACTERIAL_177,R6K,rep_origin,ORI_BACTERIAL,R6K,ori,silver,unverified,0,0,b|a|c|t|e|r|i|a|l
SPLICIFY_ORI_BACTERIAL_R6K_CL_ORI_BACTERIAL_187,ORI_BACTERIAL_R6K__CL_ORI_BACTERIAL_187,R6K,rep_origin,ORI_BACTERIAL,R6K,ori,silver,unverified,0,0,b|a|c|t|e|r|i|a|l
SPLICIFY_ORI_BACTERIAL_R6K_CL_ORI_BACTERIAL_195,ORI_BACTERIAL_R6K__CL_ORI_BACTERIAL_195,R6K,rep_origin,ORI_BACTERIAL,R6K,ori,silver,unverified,0,0,b|a|c|t|e|r|i|a|l
SPLICIFY_ORI_BACTERIAL_R6K_CL_ORI_BACTERIAL_199,ORI_BACTERIAL_R6K__CL_ORI_BACTERIAL_199,R6K,rep_origin,ORI_BACTERIAL,R6K,ori,silver,unverified,0,0,b|a|c|t|e|r|i|a|l
SPLICIFY_ORI_BACTERIAL_REP_CL_ORI_BACTERIAL_065,ORI_BACTERIAL_REP__CL_ORI_BACTERIAL_065,Rep,rep_origin,ORI_BACTERIAL,Rep,ori,silver,unverified,0,0,b|a|c|t|e|r|i|a|l
SPLICIFY_ORI_BACTERIAL_REP_CL_ORI_BACTERIAL_149,ORI_BACTERIAL_REP__CL_ORI_BACTERIAL_149,Rep,rep_origin,ORI_BACTERIAL,Rep,ori,silver,unverified,0,0,b|a|c|t|e|r|i|a|l
SPLICIFY_ORI_BACTERIAL_REP_ORIGIN_CL_ORI__d18f8881,ORI_BACTERIAL_REP_ORIGIN__CL_ORI_BACTERIAL_003,Rep Origin,rep_origin,ORI_BACTERIAL,rep_origin,ori,silver,unverified,0,0,b|a|c|t|e|r|i|a|l
SPLICIFY_ORI_BACTERIAL_REP_ORIGIN_CL_ORI__097a93e7,ORI_BACTERIAL_REP_ORIGIN__CL_ORI_BACTERIAL_006,Rep Origin,rep_origin,ORI_BACTERIAL,rep_origin,ori,silver,unverified,0,0,b|a|c|t|e|r|i|a|l
SPLICIFY_ORI_BACTERIAL_REP_ORIGIN_CL_ORI__7e4281ec,ORI_BACTERIAL_REP_ORIGIN__CL_ORI_BACTERIAL_007,Rep Origin,rep_origin,ORI_BACTERIAL,rep_origin,ori,silver,unverified,0,0,b|a|c|t|e|r|i|a|l
SPLICIFY_ORI_BACTERIAL_REP_ORIGIN_CL_ORI__19e34b08,ORI_BACTERIAL_REP_ORIGIN__CL_ORI_BACTERIAL_008,Rep Origin,rep_origin,ORI_BACTERIAL,rep_origin,ori,silver,unverified,0,0,b|a|c|t|e|r|i|a|l
SPLICIFY_ORI_BACTERIAL_REP_ORIGIN_CL_ORI__819fe06e,ORI_BACTERIAL_REP_ORIGIN__CL_ORI_BACTERIAL_026,Rep Origin,rep_origin,ORI_BACTERIAL,rep_origin,ori,silver,unverified,0,0,b|a|c|t|e|r|i|a|l
SPLICIFY_ORI_BACTERIAL_REP_ORIGIN_CL_ORI__69838170,ORI_BACTERIAL_REP_ORIGIN__CL_ORI_BACTERIAL_030,Rep Origin,rep_origin,ORI_BACTERIAL,rep_origin,ori,silver,unverified,0,0,b|a|c|t|e|r|i|a|l
SPLICIFY_ORI_BACTERIAL_REP_ORIGIN_CL_ORI__73128157,ORI_BACTERIAL_REP_ORIGIN__CL_ORI_BACTERIAL_040,Rep Origin,rep_origin,ORI_BACTERIAL,rep_origin,ori,silver,unverified,0,0,b|a|c|t|e|r|i|a|l
SPLICIFY_ORI_BACTERIAL_REP_ORIGIN_CL_ORI__f090a80d,ORI_BACTERIAL_REP_ORIGIN__CL_ORI_BACTERIAL_042,Rep Origin,rep_origin,ORI_BACTERIAL,rep_origin,ori,silver,unverified,0,0,b|a|c|t|e|r|i|a|l
SPLICIFY_ORI_BACTERIAL_REP_ORIGIN_CL_ORI__502e1831,ORI_BACTERIAL_REP_ORIGIN__CL_ORI_BACTERIAL_043,Rep Origin,rep_origin,ORI_BACTERIAL,rep_origin,ori,silver,unverified,0,0,b|a|c|t|e|r|i|a|l
SPLICIFY_ORI_BACTERIAL_REP_ORIGIN_CL_ORI__2b339b4f,ORI_BACTERIAL_REP_ORIGIN__CL_ORI_BACTERIAL_058,Rep Origin,rep_origin,ORI_BACTERIAL,rep_origin,ori,silver,unverified,0,0,b|a|c|t|e|r|i|a|l
SPLICIFY_ORI_BACTERIAL_REP_ORIGIN_CL_ORI__9a1ceb6a,ORI_BACTERIAL_REP_ORIGIN__CL_ORI_BACTERIAL_059,Rep Origin,rep_origin,ORI_BACTERIAL,rep_origin,ori,silver,unverified,0,0,b|a|c|t|e|r|i|a|l
SPLICIFY_ORI_BACTERIAL_REP_ORIGIN_CL_ORI__ed1c0a4f,ORI_BACTERIAL_REP_ORIGIN__CL_ORI_BACTERIAL_064,Rep Origin,rep_origin,ORI_BACTERIAL,rep_origin,ori,silver,unverified,0,0,b|a|c|t|e|r|i|a|l
SPLICIFY_ORI_BACTERIAL_REP_ORIGIN_CL_ORI__3c8661b9,ORI_BACTERIAL_REP_ORIGIN__CL_ORI_BACTERIAL_077,Rep Origin,rep_origin,ORI_BACTERIAL,rep_origin,ori,silver,unverified,0,0,b|a|c|t|e|r|i|a|l
SPLICIFY_ORI_BACTERIAL_REP_ORIGIN_CL_ORI__fcbf8a8c,ORI_BACTERIAL_REP_ORIGIN__CL_ORI_BACTERIAL_078,Rep Origin,rep_origin,ORI_BACTERIAL,rep_origin,ori,silver,unverified,0,0,b|a|c|t|e|r|i|a|l
SPLICIFY_ORI_BACTERIAL_REP_ORIGIN_CL_ORI__fb4a9055,ORI_BACTERIAL_REP_ORIGIN__CL_ORI_BACTERIAL_102,Rep Origin,rep_origin,ORI_BACTERIAL,rep_origin,ori,silver,unverified,0,0,b|a|c|t|e|r|i|a|l
SPLICIFY_ORI_BACTERIAL_REP_ORIGIN_CL_ORI__763b868e,ORI_BACTERIAL_REP_ORIGIN__CL_ORI_BACTERIAL_103,Rep Origin,rep_origin,ORI_BACTERIAL,rep_origin,ori,silver,unverified,0,0,b|a|c|t|e|r|i|a|l
SPLICIFY_ORI_BACTERIAL_REP_ORIGIN_CL_ORI__53190598,ORI_BACTERIAL_REP_ORIGIN__CL_ORI_BACTERIAL_113,Rep Origin,rep_origin,ORI_BACTERIAL,rep_origin,ori,silver,unverified,0,0,b|a|c|t|e|r|i|a|l
SPLICIFY_ORI_BACTERIAL_REP_ORIGIN_CL_ORI__806399f5,ORI_BACTERIAL_REP_ORIGIN__CL_ORI_BACTERIAL_122,Rep Origin,rep_origin,ORI_BACTERIAL,rep_origin,ori,silver,unverified,0,0,b|a|c|t|e|r|i|a|l
SPLICIFY_ORI_BACTERIAL_REP_ORIGIN_CL_ORI__1fce9201,ORI_BACTERIAL_REP_ORIGIN__CL_ORI_BACTERIAL_124,Rep Origin,rep_origin,ORI_BACTERIAL,rep_origin,ori,silver,unverified,0,0,b|a|c|t|e|r|i|a|l
SPLICIFY_ORI_BACTERIAL_REP_ORIGIN_CL_ORI__dc581b32,ORI_BACTERIAL_REP_ORIGIN__CL_ORI_BACTERIAL_126,Rep Origin,rep_origin,ORI_BACTERIAL,rep_origin,ori,silver,unverified,0,0,b|a|c|t|e|r|i|a|l
SPLICIFY_ORI_BACTERIAL_REP_ORIGIN_CL_ORI__fbad5276,ORI_BACTERIAL_REP_ORIGIN__CL_ORI_BACTERIAL_127,Rep Origin,rep_origin,ORI_BACTERIAL,rep_origin,ori,silver,unverified,0,0,b|a|c|t|e|r|i|a|l
SPLICIFY_ORI_BACTERIAL_REP_ORIGIN_CL_ORI__9588e0e4,ORI_BACTERIAL_REP_ORIGIN__CL_ORI_BACTERIAL_130,Rep Origin,rep_origin,ORI_BACTERIAL,rep_origin,ori,silver,unverified,0,0,b|a|c|t|e|r|i|a|l
SPLICIFY_ORI_BACTERIAL_REP_ORIGIN_CL_ORI__6b141829,ORI_BACTERIAL_REP_ORIGIN__CL_ORI_BACTERIAL_139,Rep Origin,rep_origin,ORI_BACTERIAL,rep_origin,ori,silver,unverified,0,0,b|a|c|t|e|r|i|a|l
SPLICIFY_ORI_BACTERIAL_REP_ORIGIN_CL_ORI__f7ee8a2d,ORI_BACTERIAL_REP_ORIGIN__CL_ORI_BACTERIAL_165,Rep Origin,rep_origin,ORI_BACTERIAL,rep_origin,ori,silver,unverified,0,0,b|a|c|t|e|r|i|a|l
SPLICIFY_ORI_BACTERIAL_REP_ORIGIN_CL_ORI__6a41052c,ORI_BACTERIAL_REP_ORIGIN__CL_ORI_BACTERIAL_178,Rep Origin,rep_origin,ORI_BACTERIAL,rep_origin,ori,silver,unverified,0,0,b|a|c|t|e|r|i|a|l
SPLICIFY_ORI_BACTERIAL_REP_ORIGIN_CL_ORI__f11f64f5,ORI_BACTERIAL_REP_ORIGIN__CL_ORI_BACTERIAL_179,Rep Origin,rep_origin,ORI_BACTERIAL,rep_origin,ori,silver,unverified,0,0,b|a|c|t|e|r|i|a|l
SPLICIFY_ORI_BACTERIAL_REP_ORIGIN_CL_ORI__3e047035,ORI_BACTERIAL_REP_ORIGIN__CL_ORI_BACTERIAL_184,Rep Origin,rep_origin,ORI_BACTERIAL,rep_origin,ori,silver,unverified,0,0,b|a|c|t|e|r|i|a|l
SPLICIFY_ORI_BACTERIAL_REP_ORIGIN_CL_ORI__ca65a359,ORI_BACTERIAL_REP_ORIGIN__CL_ORI_BACTERIAL_185,Rep Origin,rep_origin,ORI_BACTERIAL,rep_origin,ori,silver,unverified,0,0,b|a|c|t|e|r|i|a|l
SPLICIFY_ORI_BACTERIAL_REP_ORIGIN_CL_ORI__bf90b3e0,ORI_BACTERIAL_REP_ORIGIN__CL_ORI_BACTERIAL_206,Rep Origin,rep_origin,ORI_BACTERIAL,rep_origin,ori,silver,unverified,0,0,b|a|c|t|e|r|i|a|l
SPLICIFY_ORI_BACTERIAL_RIGHT_CL_ORI_BACTERIAL_193,ORI_BACTERIAL_RIGHT__CL_ORI_BACTERIAL_193,Right,rep_origin,ORI_BACTERIAL,Right,ori,silver,unverified,0,0,b|a|c|t|e|r|i|a|l
SPLICIFY_ORI_BACTERIAL_RK2_CL_ORI_BACTERIAL_136,ORI_BACTERIAL_RK2__CL_ORI_BACTERIAL_136,Rk2,rep_origin,ORI_BACTERIAL,Rk2,ori,silver,unverified,0,0,b|a|c|t|e|r|i|a|l
SPLICIFY_ORI_BACTERIAL_RP4_CL_ORI_BACTERIAL_009,ORI_BACTERIAL_RP4__CL_ORI_BACTERIAL_009,Rp4,rep_origin,ORI_BACTERIAL,Rp4,ori,silver,unverified,0,0,b|a|c|t|e|r|i|a|l
SPLICIFY_ORI_BACTERIAL_RP4_CL_ORI_BACTERIAL_164,ORI_BACTERIAL_RP4__CL_ORI_BACTERIAL_164,Rp4,rep_origin,ORI_BACTERIAL,Rp4,ori,silver,unverified,0,0,b|a|c|t|e|r|i|a|l
SPLICIFY_ORI_BACTERIAL_RSF1010_CL_ORI_BAC_32a15116,ORI_BACTERIAL_RSF1010__CL_ORI_BACTERIAL_055,Rsf1010,rep_origin,ORI_BACTERIAL,Rsf1010,ori,silver,unverified,0,0,b|a|c|t|e|r|i|a|l
SPLICIFY_ORI_BACTERIAL_RSF1010_CL_ORI_BAC_1342a44f,ORI_BACTERIAL_RSF1010__CL_ORI_BACTERIAL_101,Rsf1010,rep_origin,ORI_BACTERIAL,Rsf1010,ori,silver,unverified,0,0,b|a|c|t|e|r|i|a|l
SPLICIFY_ORI_BACTERIAL_SBA_000510_CL_ORI__f553a9b9,ORI_BACTERIAL_SBA_000510__CL_ORI_BACTERIAL_072,Sba 000510,rep_origin,ORI_BACTERIAL,Sba_000510,ori,silver,unverified,0,0,b|a|c|t|e|r|i|a|l
SPLICIFY_ORI_BACTERIAL_SC101_CL_ORI_BACTERIAL_022,ORI_BACTERIAL_SC101*__CL_ORI_BACTERIAL_022,Sc101*,rep_origin,ORI_BACTERIAL,Sc101*,ori,silver,unverified,0,0,b|a|c|t|e|r|i|a|l
SPLICIFY_ORI_BACTERIAL_SSO_CL_ORI_BACTERIAL_111,ORI_BACTERIAL_SSO__CL_ORI_BACTERIAL_111,Sso,rep_origin,ORI_BACTERIAL,Sso,ori,silver,unverified,0,0,b|a|c|t|e|r|i|a|l
SPLICIFY_ORI_BACTERIAL_SV40_CL_ORI_BACTERIAL_145,ORI_BACTERIAL_SV40__CL_ORI_BACTERIAL_145,Sv40,rep_origin,ORI_BACTERIAL,Sv40,ori,silver,unverified,0,0,b|a|c|t|e|r|i|a|l
SPLICIFY_ORI_EUK_SV40_ORI_CL_ORI_EUK_001,ORI_EUK_SV40_ORI__CL_ORI_EUK_001,Sv40 Ori,misc_feature,ORI_EUK,SV40_ori,unknown,silver,unverified,0,0,u|n|k|n|o|w|n
SPLICIFY_ORI_PHAGE_M13_ORI_CL_ORI_PHAGE_001,ORI_PHAGE_M13_ORI__CL_ORI_PHAGE_001,M13 Ori,rep_origin,ORI_PHAGE,M13_ori,ori_phage,silver,unverified,0,0,p|h|a|g|e
SPLICIFY_ORI_PHAGE_M13_ORI_CL_ORI_PHAGE_012,ORI_PHAGE_M13_ORI__CL_ORI_PHAGE_012,M13 Ori,rep_origin,ORI_PHAGE,M13_ori,ori_phage,silver,unverified,0,0,p|h|a|g|e
SPLICIFY_POLYA_SIGNAL_POLYA_SIGNAL_CL_POL_0adc8728,POLYA_SIGNAL_POLYA_SIGNAL__CL_POLYA_SIGNAL_003,Polya Signal,polyA_signal,POLYA_SIGNAL,polyA_signal,polya,silver,unverified,0,0,m|a|m|m|a|l|i|a|n
SPLICIFY_POLYA_SIGNAL_POLYA_SIGNAL_CL_POL_90d1e41a,POLYA_SIGNAL_POLYA_SIGNAL__CL_POLYA_SIGNAL_005,Polya Signal,polyA_signal,POLYA_SIGNAL,polyA_signal,polya,silver,unverified,0,0,m|a|m|m|a|l|i|a|n
SPLICIFY_POLYA_SIGNAL_POLYA_SIGNAL_CL_POL_5af6eb80,POLYA_SIGNAL_POLYA_SIGNAL__CL_POLYA_SIGNAL_013,Polya Signal,polyA_signal,POLYA_SIGNAL,polyA_signal,polya,silver,unverified,0,0,m|a|m|m|a|l|i|a|n
SPLICIFY_POLYA_SIGNAL_POLYA_SIGNAL_CL_POL_95d9423b,POLYA_SIGNAL_POLYA_SIGNAL__CL_POLYA_SIGNAL_017,Polya Signal,polyA_signal,POLYA_SIGNAL,polyA_signal,polya,silver,unverified,0,0,m|a|m|m|a|l|i|a|n
SPLICIFY_PROMOTER_BACTERIAL_ARABAD_CL_PRO_76de9d18,PROMOTER_BACTERIAL_ARABAD__CL_PROMOTER_BACTERIAL_001,Arabad,promoter,PROMOTER_BACTERIAL,araBAD,promoter,silver,unverified,0,0,b|a|c|t|e|r|i|a|l
SPLICIFY_PROMOTER_BACTERIAL_ARABAD_CL_PRO_51d07db1,PROMOTER_BACTERIAL_ARABAD__CL_PROMOTER_BACTERIAL_003,Arabad,promoter,PROMOTER_BACTERIAL,araBAD,promoter,silver,unverified,0,0,b|a|c|t|e|r|i|a|l
SPLICIFY_PROMOTER_BACTERIAL_ARABAD_CL_PRO_4b2faf1a,PROMOTER_BACTERIAL_ARABAD__CL_PROMOTER_BACTERIAL_006,Arabad,promoter,PROMOTER_BACTERIAL,araBAD,promoter,silver,unverified,0,0,b|a|c|t|e|r|i|a|l
SPLICIFY_PROMOTER_BACTERIAL_ARABAD_CL_PRO_b03c1803,PROMOTER_BACTERIAL_ARABAD__CL_PROMOTER_BACTERIAL_007,Arabad,promoter,PROMOTER_BACTERIAL,araBAD,promoter,silver,unverified,0,0,b|a|c|t|e|r|i|a|l
SPLICIFY_PROMOTER_BACTERIAL_ARABAD_CL_PRO_bfcee966,PROMOTER_BACTERIAL_ARABAD__CL_PROMOTER_BACTERIAL_012,Arabad,promoter,PROMOTER_BACTERIAL,araBAD,promoter,silver,unverified,0,0,b|a|c|t|e|r|i|a|l
SPLICIFY_PROMOTER_BACTERIAL_ARABAD_CL_PRO_47456f65,PROMOTER_BACTERIAL_ARABAD__CL_PROMOTER_BACTERIAL_013,Arabad,promoter,PROMOTER_BACTERIAL,araBAD,promoter,silver,unverified,0,0,b|a|c|t|e|r|i|a|l
SPLICIFY_PROMOTER_POL2_CAG_CL_PROMOTER_POL2_061,PROMOTER_POL2_CAG__CL_PROMOTER_POL2_061,Cag,promoter,PROMOTER_POL2,CAG,promoter,silver,unverified,0,0,m|a|m|m|a|l|i|a|n
SPLICIFY_PROMOTER_POL2_CAG_CL_PROMOTER_POL2_074,PROMOTER_POL2_CAG__CL_PROMOTER_POL2_074,Cag,promoter,PROMOTER_POL2,CAG,promoter,silver,unverified,0,0,m|a|m|m|a|l|i|a|n
SPLICIFY_PROMOTER_POL2_CAG_CL_PROMOTER_POL2_082,PROMOTER_POL2_CAG__CL_PROMOTER_POL2_082,Cag,promoter,PROMOTER_POL2,CAG,promoter,silver,unverified,0,0,m|a|m|m|a|l|i|a|n
SPLICIFY_PROMOTER_POL2_CAG_CL_PROMOTER_POL2_093,PROMOTER_POL2_CAG__CL_PROMOTER_POL2_093,Cag,promoter,PROMOTER_POL2,CAG,promoter,silver,unverified,0,0,m|a|m|m|a|l|i|a|n
SPLICIFY_PROMOTER_POL2_CAG_CL_PROMOTER_POL2_102,PROMOTER_POL2_CAG__CL_PROMOTER_POL2_102,Cag,promoter,PROMOTER_POL2,CAG,promoter,silver,unverified,0,0,m|a|m|m|a|l|i|a|n
SPLICIFY_PROMOTER_POL2_CAG_CL_PROMOTER_POL2_139,PROMOTER_POL2_CAG__CL_PROMOTER_POL2_139,Cag,promoter,PROMOTER_POL2,CAG,promoter,silver,unverified,0,0,m|a|m|m|a|l|i|a|n
SPLICIFY_PROMOTER_POL2_CAG_CL_PROMOTER_POL2_142,PROMOTER_POL2_CAG__CL_PROMOTER_POL2_142,Cag,promoter,PROMOTER_POL2,CAG,promoter,silver,unverified,0,0,m|a|m|m|a|l|i|a|n
SPLICIFY_PROMOTER_POL2_EF1A_CL_PROMOTER_POL2_018,PROMOTER_POL2_EF1A__CL_PROMOTER_POL2_018,Ef1A,promoter,PROMOTER_POL2,Ef1A,promoter,silver,unverified,0,0,m|a|m|m|a|l|i|a|n
SPLICIFY_PROMOTER_POL2_EF1A_CL_PROMOTER_POL2_026,PROMOTER_POL2_EF1A__CL_PROMOTER_POL2_026,Ef1A,promoter,PROMOTER_POL2,EF1a,promoter,silver,unverified,0,0,m|a|m|m|a|l|i|a|n
SPLICIFY_PROMOTER_POL2_EF1A_CL_PROMOTER_POL2_034,PROMOTER_POL2_EF1A__CL_PROMOTER_POL2_034,Ef1A,promoter,PROMOTER_POL2,Ef1A,promoter,silver,unverified,0,0,m|a|m|m|a|l|i|a|n
SPLICIFY_PROMOTER_POL2_EF1A_CL_PROMOTER_POL2_045,PROMOTER_POL2_EF1A__CL_PROMOTER_POL2_045,Ef1A,promoter,PROMOTER_POL2,Ef1A,promoter,silver,unverified,0,0,m|a|m|m|a|l|i|a|n
SPLICIFY_PROMOTER_POL2_EF1A_CL_PROMOTER_POL2_053,PROMOTER_POL2_EF1A__CL_PROMOTER_POL2_053,Ef1A,promoter,PROMOTER_POL2,Ef1A,promoter,silver,unverified,0,0,m|a|m|m|a|l|i|a|n
SPLICIFY_PROMOTER_POL2_EF1A_CL_PROMOTER_POL2_079,PROMOTER_POL2_EF1A__CL_PROMOTER_POL2_079,Ef1A,promoter,PROMOTER_POL2,EF1a,promoter,silver,unverified,0,0,m|a|m|m|a|l|i|a|n
SPLICIFY_PROMOTER_POL2_EF1A_CL_PROMOTER_POL2_081,PROMOTER_POL2_EF1A__CL_PROMOTER_POL2_081,Ef1A,promoter,PROMOTER_POL2,EF1a,promoter,silver,unverified,0,0,m|a|m|m|a|l|i|a|n
SPLICIFY_PROMOTER_POL2_EF1A_CL_PROMOTER_POL2_092,PROMOTER_POL2_EF1A__CL_PROMOTER_POL2_092,Ef1A,promoter,PROMOTER_POL2,EF1a,promoter,silver,unverified,0,0,m|a|m|m|a|l|i|a|n
SPLICIFY_PROMOTER_POL2_EF1A_CL_PROMOTER_POL2_106,PROMOTER_POL2_EF1A__CL_PROMOTER_POL2_106,Ef1A,promoter,PROMOTER_POL2,Ef1A,promoter,silver,unverified,0,0,m|a|m|m|a|l|i|a|n
SPLICIFY_PROMOTER_POL2_EF1A_CL_PROMOTER_POL2_132,PROMOTER_POL2_EF1A__CL_PROMOTER_POL2_132,Ef1A,promoter,PROMOTER_POL2,Ef1A,promoter,silver,unverified,0,0,m|a|m|m|a|l|i|a|n
SPLICIFY_PROMOTER_POL2_PGK_CL_PROMOTER_POL2_064,PROMOTER_POL2_PGK__CL_PROMOTER_POL2_064,Pgk,promoter,PROMOTER_POL2,PGK,promoter,silver,unverified,0,0,m|a|m|m|a|l|i|a|n
SPLICIFY_PROMOTER_POL2_PGK_CL_PROMOTER_POL2_066,PROMOTER_POL2_PGK__CL_PROMOTER_POL2_066,Pgk,promoter,PROMOTER_POL2,PGK,promoter,silver,unverified,0,0,m|a|m|m|a|l|i|a|n
SPLICIFY_PROMOTER_POL2_PGK_CL_PROMOTER_POL2_086,PROMOTER_POL2_PGK__CL_PROMOTER_POL2_086,Pgk,promoter,PROMOTER_POL2,PGK,promoter,silver,unverified,0,0,m|a|m|m|a|l|i|a|n
SPLICIFY_PROMOTER_POL2_PGK_CL_PROMOTER_POL2_094,PROMOTER_POL2_PGK__CL_PROMOTER_POL2_094,Pgk,promoter,PROMOTER_POL2,PGK,promoter,silver,unverified,0,0,m|a|m|m|a|l|i|a|n
SPLICIFY_PROMOTER_POL2_PGK_CL_PROMOTER_POL2_095,PROMOTER_POL2_PGK__CL_PROMOTER_POL2_095,Pgk,promoter,PROMOTER_POL2,PGK,promoter,silver,unverified,0,0,m|a|m|m|a|l|i|a|n
SPLICIFY_PROMOTER_POL2_PGK_CL_PROMOTER_POL2_103,PROMOTER_POL2_PGK__CL_PROMOTER_POL2_103,Pgk,promoter,PROMOTER_POL2,PGK,promoter,silver,unverified,0,0,m|a|m|m|a|l|i|a|n
SPLICIFY_PROMOTER_POL2_PGK_CL_PROMOTER_POL2_104,PROMOTER_POL2_PGK__CL_PROMOTER_POL2_104,Pgk,promoter,PROMOTER_POL2,PGK,promoter,silver,unverified,0,0,m|a|m|m|a|l|i|a|n
SPLICIFY_PROMOTER_POL2_PGK_CL_PROMOTER_POL2_110,PROMOTER_POL2_PGK__CL_PROMOTER_POL2_110,Pgk,promoter,PROMOTER_POL2,PGK,promoter,silver,unverified,0,0,m|a|m|m|a|l|i|a|n
SPLICIFY_PROMOTER_POL2_PGK_CL_PROMOTER_POL2_123,PROMOTER_POL2_PGK__CL_PROMOTER_POL2_123,Pgk,promoter,PROMOTER_POL2,PGK,promoter,silver,unverified,0,0,m|a|m|m|a|l|i|a|n
SPLICIFY_PROMOTER_POL2_PGK_CL_PROMOTER_POL2_125,PROMOTER_POL2_PGK__CL_PROMOTER_POL2_125,Pgk,promoter,PROMOTER_POL2,PGK,promoter,silver,unverified,0,0,m|a|m|m|a|l|i|a|n
SPLICIFY_PROMOTER_POL2_PGK_CL_PROMOTER_POL2_140,PROMOTER_POL2_PGK__CL_PROMOTER_POL2_140,Pgk,promoter,PROMOTER_POL2,PGK,promoter,silver,unverified,0,0,m|a|m|m|a|l|i|a|n
SPLICIFY_PROMOTER_POL2_PGK_CL_PROMOTER_POL2_141,PROMOTER_POL2_PGK__CL_PROMOTER_POL2_141,Pgk,promoter,PROMOTER_POL2,PGK,promoter,silver,unverified,0,0,m|a|m|m|a|l|i|a|n
SPLICIFY_PROMOTER_POL2_PGK_CL_PROMOTER_POL2_145,PROMOTER_POL2_PGK__CL_PROMOTER_POL2_145,Pgk,promoter,PROMOTER_POL2,PGK,promoter,silver,unverified,0,0,m|a|m|m|a|l|i|a|n
SPLICIFY_PROMOTER_POL2_SV40_EARLY_CL_PROM_9d0d09aa,PROMOTER_POL2_SV40_EARLY__CL_PROMOTER_POL2_010,Sv40 Early,promoter,PROMOTER_POL2,SV40_early,promoter,silver,unverified,0,0,m|a|m|m|a|l|i|a|n
SPLICIFY_PROMOTER_POL2_SV40_EARLY_CL_PROM_4115a1ae,PROMOTER_POL2_SV40_EARLY__CL_PROMOTER_POL2_024,Sv40 Early,promoter,PROMOTER_POL2,SV40_early,promoter,silver,unverified,0,0,m|a|m|m|a|l|i|a|n
SPLICIFY_PROMOTER_POL2_SV40_EARLY_CL_PROM_1056a92f,PROMOTER_POL2_SV40_EARLY__CL_PROMOTER_POL2_031,Sv40 Early,promoter,PROMOTER_POL2,SV40_early,promoter,silver,unverified,0,0,m|a|m|m|a|l|i|a|n
SPLICIFY_PROMOTER_POL2_SV40_EARLY_CL_PROM_045512de,PROMOTER_POL2_SV40_EARLY__CL_PROMOTER_POL2_033,Sv40 Early,promoter,PROMOTER_POL2,SV40_early,promoter,silver,unverified,0,0,m|a|m|m|a|l|i|a|n
SPLICIFY_PROMOTER_POL2_SV40_EARLY_CL_PROM_76c9dd17,PROMOTER_POL2_SV40_EARLY__CL_PROMOTER_POL2_063,Sv40 Early,promoter,PROMOTER_POL2,SV40_early,promoter,silver,unverified,0,0,m|a|m|m|a|l|i|a|n
SPLICIFY_PROMOTER_POL2_SV40_EARLY_CL_PROM_31fcf7ff,PROMOTER_POL2_SV40_EARLY__CL_PROMOTER_POL2_085,Sv40 Early,promoter,PROMOTER_POL2,SV40_early,promoter,silver,unverified,0,0,m|a|m|m|a|l|i|a|n
SPLICIFY_PROMOTER_POL2_SV40_EARLY_CL_PROM_2924458e,PROMOTER_POL2_SV40_EARLY__CL_PROMOTER_POL2_091,Sv40 Early,promoter,PROMOTER_POL2,SV40_early,promoter,silver,unverified,0,0,m|a|m|m|a|l|i|a|n
SPLICIFY_PROMOTER_POL2_SV40_EARLY_CL_PROM_16d3d8b9,PROMOTER_POL2_SV40_EARLY__CL_PROMOTER_POL2_117,Sv40 Early,promoter,PROMOTER_POL2,SV40_early,promoter,silver,unverified,0,0,m|a|m|m|a|l|i|a|n
SPLICIFY_PROMOTER_POL2_TRE3G_CL_PROMOTER_POL2_001,PROMOTER_POL2_TRE3G__CL_PROMOTER_POL2_001,Tre3G,promoter,PROMOTER_POL2,TRE3G,promoter,silver,unverified,0,0,m|a|m|m|a|l|i|a|n
SPLICIFY_PROMOTER_POL2_TRE3G_CL_PROMOTER_POL2_002,PROMOTER_POL2_TRE3G__CL_PROMOTER_POL2_002,Tre3G,promoter,PROMOTER_POL2,TRE3G,promoter,silver,unverified,0,0,m|a|m|m|a|l|i|a|n
SPLICIFY_PROMOTER_POL2_TRE3G_CL_PROMOTER_POL2_003,PROMOTER_POL2_TRE3G__CL_PROMOTER_POL2_003,Tre3G,promoter,PROMOTER_POL2,TRE3G,promoter,silver,unverified,0,0,m|a|m|m|a|l|i|a|n
SPLICIFY_PROMOTER_POL2_TRE3G_CL_PROMOTER_POL2_004,PROMOTER_POL2_TRE3G__CL_PROMOTER_POL2_004,Tre3G,promoter,PROMOTER_POL2,TRE3G,promoter,silver,unverified,0,0,m|a|m|m|a|l|i|a|n
SPLICIFY_PROMOTER_POL2_TRE3G_CL_PROMOTER_POL2_005,PROMOTER_POL2_TRE3G__CL_PROMOTER_POL2_005,Tre3G,promoter,PROMOTER_POL2,TRE3G,promoter,silver,unverified,0,0,m|a|m|m|a|l|i|a|n
SPLICIFY_PROMOTER_POL2_TRE3G_CL_PROMOTER_POL2_006,PROMOTER_POL2_TRE3G__CL_PROMOTER_POL2_006,Tre3G,promoter,PROMOTER_POL2,TRE3G,promoter,silver,unverified,0,0,m|a|m|m|a|l|i|a|n
SPLICIFY_PROMOTER_POL2_TRE3G_CL_PROMOTER_POL2_007,PROMOTER_POL2_TRE3G__CL_PROMOTER_POL2_007,Tre3G,promoter,PROMOTER_POL2,TRE3G,promoter,silver,unverified,0,0,m|a|m|m|a|l|i|a|n
SPLICIFY_PROMOTER_POL2_TRE3G_CL_PROMOTER_POL2_008,PROMOTER_POL2_TRE3G__CL_PROMOTER_POL2_008,Tre3G,promoter,PROMOTER_POL2,TRE3G,promoter,silver,unverified,0,0,m|a|m|m|a|l|i|a|n
SPLICIFY_PROMOTER_POL2_TRE3G_CL_PROMOTER_POL2_009,PROMOTER_POL2_TRE3G__CL_PROMOTER_POL2_009,Tre3G,promoter,PROMOTER_POL2,Tre3G,promoter,silver,unverified,0,0,m|a|m|m|a|l|i|a|n
SPLICIFY_PROMOTER_POL2_TRE3G_CL_PROMOTER_POL2_011,PROMOTER_POL2_TRE3G__CL_PROMOTER_POL2_011,Tre3G,promoter,PROMOTER_POL2,TRE3G,promoter,silver,unverified,0,0,m|a|m|m|a|l|i|a|n
SPLICIFY_PROMOTER_POL2_TRE3G_CL_PROMOTER_POL2_012,PROMOTER_POL2_TRE3G__CL_PROMOTER_POL2_012,Tre3G,promoter,PROMOTER_POL2,TRE3G,promoter,silver,unverified,0,0,m|a|m|m|a|l|i|a|n
SPLICIFY_PROMOTER_POL2_TRE3G_CL_PROMOTER_POL2_013,PROMOTER_POL2_TRE3G__CL_PROMOTER_POL2_013,Tre3G,promoter,PROMOTER_POL2,TRE3G,promoter,silver,unverified,0,0,m|a|m|m|a|l|i|a|n
SPLICIFY_PROMOTER_POL2_TRE3G_CL_PROMOTER_POL2_016,PROMOTER_POL2_TRE3G__CL_PROMOTER_POL2_016,Tre3G,promoter,PROMOTER_POL2,TRE3G,promoter,silver,unverified,0,0,m|a|m|m|a|l|i|a|n
SPLICIFY_PROMOTER_POL2_TRE3G_CL_PROMOTER_POL2_017,PROMOTER_POL2_TRE3G__CL_PROMOTER_POL2_017,Tre3G,promoter,PROMOTER_POL2,TRE3G,promoter,silver,unverified,0,0,m|a|m|m|a|l|i|a|n
SPLICIFY_PROMOTER_POL2_TRE3G_CL_PROMOTER_POL2_019,PROMOTER_POL2_TRE3G__CL_PROMOTER_POL2_019,Tre3G,promoter,PROMOTER_POL2,TRE3G,promoter,silver,unverified,0,0,m|a|m|m|a|l|i|a|n
SPLICIFY_PROMOTER_POL2_TRE3G_CL_PROMOTER_POL2_020,PROMOTER_POL2_TRE3G__CL_PROMOTER_POL2_020,Tre3G,promoter,PROMOTER_POL2,TRE3G,promoter,silver,unverified,0,0,m|a|m|m|a|l|i|a|n
SPLICIFY_PROMOTER_POL2_TRE3G_CL_PROMOTER_POL2_022,PROMOTER_POL2_TRE3G__CL_PROMOTER_POL2_022,Tre3G,promoter,PROMOTER_POL2,TRE3G,promoter,silver,unverified,0,0,m|a|m|m|a|l|i|a|n
SPLICIFY_PROMOTER_POL2_TRE3G_CL_PROMOTER_POL2_023,PROMOTER_POL2_TRE3G__CL_PROMOTER_POL2_023,Tre3G,promoter,PROMOTER_POL2,Tre3G,promoter,silver,unverified,0,0,m|a|m|m|a|l|i|a|n
SPLICIFY_PROMOTER_POL2_TRE3G_CL_PROMOTER_POL2_025,PROMOTER_POL2_TRE3G__CL_PROMOTER_POL2_025,Tre3G,promoter,PROMOTER_POL2,Tre3G,promoter,silver,unverified,0,0,m|a|m|m|a|l|i|a|n
SPLICIFY_PROMOTER_POL2_TRE3G_CL_PROMOTER_POL2_027,PROMOTER_POL2_TRE3G__CL_PROMOTER_POL2_027,Tre3G,promoter,PROMOTER_POL2,TRE3G,promoter,silver,unverified,0,0,m|a|m|m|a|l|i|a|n
SPLICIFY_PROMOTER_POL2_TRE3G_CL_PROMOTER_POL2_028,PROMOTER_POL2_TRE3G__CL_PROMOTER_POL2_028,Tre3G,promoter,PROMOTER_POL2,TRE3G,promoter,silver,unverified,0,0,m|a|m|m|a|l|i|a|n
SPLICIFY_PROMOTER_POL2_TRE3G_CL_PROMOTER_POL2_029,PROMOTER_POL2_TRE3G__CL_PROMOTER_POL2_029,Tre3G,promoter,PROMOTER_POL2,TRE3G,promoter,silver,unverified,0,0,m|a|m|m|a|l|i|a|n
SPLICIFY_PROMOTER_POL2_TRE3G_CL_PROMOTER_POL2_030,PROMOTER_POL2_TRE3G__CL_PROMOTER_POL2_030,Tre3G,promoter,PROMOTER_POL2,TRE3G,promoter,silver,unverified,0,0,m|a|m|m|a|l|i|a|n
SPLICIFY_PROMOTER_POL2_TRE3G_CL_PROMOTER_POL2_032,PROMOTER_POL2_TRE3G__CL_PROMOTER_POL2_032,Tre3G,promoter,PROMOTER_POL2,TRE3G,promoter,silver,unverified,0,0,m|a|m|m|a|l|i|a|n
SPLICIFY_PROMOTER_POL2_TRE3G_CL_PROMOTER_POL2_036,PROMOTER_POL2_TRE3G__CL_PROMOTER_POL2_036,Tre3G,promoter,PROMOTER_POL2,TRE3G,promoter,silver,unverified,0,0,m|a|m|m|a|l|i|a|n
SPLICIFY_PROMOTER_POL2_TRE3G_CL_PROMOTER_POL2_040,PROMOTER_POL2_TRE3G__CL_PROMOTER_POL2_040,Tre3G,promoter,PROMOTER_POL2,TRE3G,promoter,silver,unverified,0,0,m|a|m|m|a|l|i|a|n
SPLICIFY_PROMOTER_POL2_TRE3G_CL_PROMOTER_POL2_041,PROMOTER_POL2_TRE3G__CL_PROMOTER_POL2_041,Tre3G,promoter,PROMOTER_POL2,TRE3G,promoter,silver,unverified,0,0,m|a|m|m|a|l|i|a|n
SPLICIFY_PROMOTER_POL2_TRE3G_CL_PROMOTER_POL2_042,PROMOTER_POL2_TRE3G__CL_PROMOTER_POL2_042,Tre3G,promoter,PROMOTER_POL2,TRE3G,promoter,silver,unverified,0,0,m|a|m|m|a|l|i|a|n
SPLICIFY_PROMOTER_POL2_TRE3G_CL_PROMOTER_POL2_043,PROMOTER_POL2_TRE3G__CL_PROMOTER_POL2_043,Tre3G,promoter,PROMOTER_POL2,TRE3G,promoter,silver,unverified,0,0,m|a|m|m|a|l|i|a|n
SPLICIFY_PROMOTER_POL2_TRE3G_CL_PROMOTER_POL2_046,PROMOTER_POL2_TRE3G__CL_PROMOTER_POL2_046,Tre3G,promoter,PROMOTER_POL2,TRE3G,promoter,silver,unverified,0,0,m|a|m|m|a|l|i|a|n
SPLICIFY_PROMOTER_POL2_TRE3G_CL_PROMOTER_POL2_048,PROMOTER_POL2_TRE3G__CL_PROMOTER_POL2_048,Tre3G,promoter,PROMOTER_POL2,TRE3G,promoter,silver,unverified,0,0,m|a|m|m|a|l|i|a|n
SPLICIFY_PROMOTER_POL2_TRE3G_CL_PROMOTER_POL2_049,PROMOTER_POL2_TRE3G__CL_PROMOTER_POL2_049,Tre3G,promoter,PROMOTER_POL2,TRE3G,promoter,silver,unverified,0,0,m|a|m|m|a|l|i|a|n
SPLICIFY_PROMOTER_POL2_TRE3G_CL_PROMOTER_POL2_051,PROMOTER_POL2_TRE3G__CL_PROMOTER_POL2_051,Tre3G,promoter,PROMOTER_POL2,Tre3G,promoter,silver,unverified,0,0,m|a|m|m|a|l|i|a|n
SPLICIFY_PROMOTER_POL2_TRE3G_CL_PROMOTER_POL2_052,PROMOTER_POL2_TRE3G__CL_PROMOTER_POL2_052,Tre3G,promoter,PROMOTER_POL2,TRE3G,promoter,silver,unverified,0,0,m|a|m|m|a|l|i|a|n
SPLICIFY_PROMOTER_POL2_TRE3G_CL_PROMOTER_POL2_056,PROMOTER_POL2_TRE3G__CL_PROMOTER_POL2_056,Tre3G,promoter,PROMOTER_POL2,TRE3G,promoter,silver,unverified,0,0,m|a|m|m|a|l|i|a|n
SPLICIFY_PROMOTER_POL2_TRE3G_CL_PROMOTER_POL2_058,PROMOTER_POL2_TRE3G__CL_PROMOTER_POL2_058,Tre3G,promoter,PROMOTER_POL2,TRE3G,promoter,silver,unverified,0,0,m|a|m|m|a|l|i|a|n
SPLICIFY_PROMOTER_POL2_TRE3G_CL_PROMOTER_POL2_060,PROMOTER_POL2_TRE3G__CL_PROMOTER_POL2_060,Tre3G,promoter,PROMOTER_POL2,TRE3G,promoter,silver,unverified,0,0,m|a|m|m|a|l|i|a|n
SPLICIFY_PROMOTER_POL2_TRE3G_CL_PROMOTER_POL2_065,PROMOTER_POL2_TRE3G__CL_PROMOTER_POL2_065,Tre3G,promoter,PROMOTER_POL2,TRE3G,promoter,silver,unverified,0,0,m|a|m|m|a|l|i|a|n
SPLICIFY_PROMOTER_POL2_TRE3G_CL_PROMOTER_POL2_067,PROMOTER_POL2_TRE3G__CL_PROMOTER_POL2_067,Tre3G,promoter,PROMOTER_POL2,TRE3G,promoter,silver,unverified,0,0,m|a|m|m|a|l|i|a|n
SPLICIFY_PROMOTER_POL2_TRE3G_CL_PROMOTER_POL2_068,PROMOTER_POL2_TRE3G__CL_PROMOTER_POL2_068,Tre3G,promoter,PROMOTER_POL2,TRE3G,promoter,silver,unverified,0,0,m|a|m|m|a|l|i|a|n
SPLICIFY_PROMOTER_POL2_TRE3G_CL_PROMOTER_POL2_070,PROMOTER_POL2_TRE3G__CL_PROMOTER_POL2_070,Tre3G,promoter,PROMOTER_POL2,TRE3G,promoter,silver,unverified,0,0,m|a|m|m|a|l|i|a|n
SPLICIFY_PROMOTER_POL2_TRE3G_CL_PROMOTER_POL2_071,PROMOTER_POL2_TRE3G__CL_PROMOTER_POL2_071,Tre3G,promoter,PROMOTER_POL2,TRE3G,promoter,silver,unverified,0,0,m|a|m|m|a|l|i|a|n
SPLICIFY_PROMOTER_POL2_TRE3G_CL_PROMOTER_POL2_072,PROMOTER_POL2_TRE3G__CL_PROMOTER_POL2_072,Tre3G,promoter,PROMOTER_POL2,TRE3G,promoter,silver,unverified,0,0,m|a|m|m|a|l|i|a|n
SPLICIFY_PROMOTER_POL2_TRE3G_CL_PROMOTER_POL2_073,PROMOTER_POL2_TRE3G__CL_PROMOTER_POL2_073,Tre3G,promoter,PROMOTER_POL2,TRE3G,promoter,silver,unverified,0,0,m|a|m|m|a|l|i|a|n
SPLICIFY_PROMOTER_POL2_TRE3G_CL_PROMOTER_POL2_075,PROMOTER_POL2_TRE3G__CL_PROMOTER_POL2_075,Tre3G,promoter,PROMOTER_POL2,TRE3G,promoter,silver,unverified,0,0,m|a|m|m|a|l|i|a|n
SPLICIFY_PROMOTER_POL2_TRE3G_CL_PROMOTER_POL2_076,PROMOTER_POL2_TRE3G__CL_PROMOTER_POL2_076,Tre3G,promoter,PROMOTER_POL2,TRE3G,promoter,silver,unverified,0,0,m|a|m|m|a|l|i|a|n
SPLICIFY_PROMOTER_POL2_TRE3G_CL_PROMOTER_POL2_077,PROMOTER_POL2_TRE3G__CL_PROMOTER_POL2_077,Tre3G,promoter,PROMOTER_POL2,TRE3G,promoter,silver,unverified,0,0,m|a|m|m|a|l|i|a|n
SPLICIFY_PROMOTER_POL2_TRE3G_CL_PROMOTER_POL2_078,PROMOTER_POL2_TRE3G__CL_PROMOTER_POL2_078,Tre3G,promoter,PROMOTER_POL2,TRE3G,promoter,silver,unverified,0,0,m|a|m|m|a|l|i|a|n
SPLICIFY_PROMOTER_POL2_TRE3G_CL_PROMOTER_POL2_080,PROMOTER_POL2_TRE3G__CL_PROMOTER_POL2_080,Tre3G,promoter,PROMOTER_POL2,TRE3G,promoter,silver,unverified,0,0,m|a|m|m|a|l|i|a|n
SPLICIFY_PROMOTER_POL2_TRE3G_CL_PROMOTER_POL2_083,PROMOTER_POL2_TRE3G__CL_PROMOTER_POL2_083,Tre3G,promoter,PROMOTER_POL2,TRE3G,promoter,silver,unverified,0,0,m|a|m|m|a|l|i|a|n
SPLICIFY_PROMOTER_POL2_TRE3G_CL_PROMOTER_POL2_084,PROMOTER_POL2_TRE3G__CL_PROMOTER_POL2_084,Tre3G,promoter,PROMOTER_POL2,TRE3G,promoter,silver,unverified,0,0,m|a|m|m|a|l|i|a|n
SPLICIFY_PROMOTER_POL2_TRE3G_CL_PROMOTER_POL2_088,PROMOTER_POL2_TRE3G__CL_PROMOTER_POL2_088,Tre3G,promoter,PROMOTER_POL2,Tre3G,promoter,silver,unverified,0,0,m|a|m|m|a|l|i|a|n
SPLICIFY_PROMOTER_POL2_TRE3G_CL_PROMOTER_POL2_089,PROMOTER_POL2_TRE3G__CL_PROMOTER_POL2_089,Tre3G,promoter,PROMOTER_POL2,TRE3G,promoter,silver,unverified,0,0,m|a|m|m|a|l|i|a|n
SPLICIFY_PROMOTER_POL2_TRE3G_CL_PROMOTER_POL2_090,PROMOTER_POL2_TRE3G__CL_PROMOTER_POL2_090,Tre3G,promoter,PROMOTER_POL2,Tre3G,promoter,silver,unverified,0,0,m|a|m|m|a|l|i|a|n
SPLICIFY_PROMOTER_POL2_TRE3G_CL_PROMOTER_POL2_096,PROMOTER_POL2_TRE3G__CL_PROMOTER_POL2_096,Tre3G,promoter,PROMOTER_POL2,TRE3G,promoter,silver,unverified,0,0,m|a|m|m|a|l|i|a|n
SPLICIFY_PROMOTER_POL2_TRE3G_CL_PROMOTER_POL2_097,PROMOTER_POL2_TRE3G__CL_PROMOTER_POL2_097,Tre3G,promoter,PROMOTER_POL2,TRE3G,promoter,silver,unverified,0,0,m|a|m|m|a|l|i|a|n
SPLICIFY_PROMOTER_POL2_TRE3G_CL_PROMOTER_POL2_098,PROMOTER_POL2_TRE3G__CL_PROMOTER_POL2_098,Tre3G,promoter,PROMOTER_POL2,TRE3G,promoter,silver,unverified,0,0,m|a|m|m|a|l|i|a|n
SPLICIFY_PROMOTER_POL2_TRE3G_CL_PROMOTER_POL2_099,PROMOTER_POL2_TRE3G__CL_PROMOTER_POL2_099,Tre3G,promoter,PROMOTER_POL2,TRE3G,promoter,silver,unverified,0,0,m|a|m|m|a|l|i|a|n
SPLICIFY_PROMOTER_POL2_TRE3G_CL_PROMOTER_POL2_101,PROMOTER_POL2_TRE3G__CL_PROMOTER_POL2_101,Tre3G,promoter,PROMOTER_POL2,TRE3G,promoter,silver,unverified,0,0,m|a|m|m|a|l|i|a|n
SPLICIFY_PROMOTER_POL2_TRE3G_CL_PROMOTER_POL2_105,PROMOTER_POL2_TRE3G__CL_PROMOTER_POL2_105,Tre3G,promoter,PROMOTER_POL2,TRE3G,promoter,silver,unverified,0,0,m|a|m|m|a|l|i|a|n
SPLICIFY_PROMOTER_POL2_TRE3G_CL_PROMOTER_POL2_109,PROMOTER_POL2_TRE3G__CL_PROMOTER_POL2_109,Tre3G,promoter,PROMOTER_POL2,Tre3G,promoter,silver,unverified,0,0,m|a|m|m|a|l|i|a|n
SPLICIFY_PROMOTER_POL2_TRE3G_CL_PROMOTER_POL2_118,PROMOTER_POL2_TRE3G__CL_PROMOTER_POL2_118,Tre3G,promoter,PROMOTER_POL2,TRE3G,promoter,silver,unverified,0,0,m|a|m|m|a|l|i|a|n
SPLICIFY_PROMOTER_POL2_TRE3G_CL_PROMOTER_POL2_124,PROMOTER_POL2_TRE3G__CL_PROMOTER_POL2_124,Tre3G,promoter,PROMOTER_POL2,Tre3G,promoter,silver,unverified,0,0,m|a|m|m|a|l|i|a|n
SPLICIFY_PROMOTER_POL2_TRE3G_CL_PROMOTER_POL2_127,PROMOTER_POL2_TRE3G__CL_PROMOTER_POL2_127,Tre3G,promoter,PROMOTER_POL2,TRE3G,promoter,silver,unverified,0,0,m|a|m|m|a|l|i|a|n
SPLICIFY_PROMOTER_POL2_TRE3G_CL_PROMOTER_POL2_130,PROMOTER_POL2_TRE3G__CL_PROMOTER_POL2_130,Tre3G,promoter,PROMOTER_POL2,TRE3G,promoter,silver,unverified,0,0,m|a|m|m|a|l|i|a|n
SPLICIFY_PROMOTER_POL2_TRE3G_CL_PROMOTER_POL2_133,PROMOTER_POL2_TRE3G__CL_PROMOTER_POL2_133,Tre3G,promoter,PROMOTER_POL2,Tre3G,promoter,silver,unverified,0,0,m|a|m|m|a|l|i|a|n
SPLICIFY_PROMOTER_POL2_TRE3G_CL_PROMOTER_POL2_135,PROMOTER_POL2_TRE3G__CL_PROMOTER_POL2_135,Tre3G,promoter,PROMOTER_POL2,TRE3G,promoter,silver,unverified,0,0,m|a|m|m|a|l|i|a|n
SPLICIFY_PROMOTER_POL2_TRE3G_CL_PROMOTER_POL2_136,PROMOTER_POL2_TRE3G__CL_PROMOTER_POL2_136,Tre3G,promoter,PROMOTER_POL2,TRE3G,promoter,silver,unverified,0,0,m|a|m|m|a|l|i|a|n
SPLICIFY_PROMOTER_POL2_TRE3G_CL_PROMOTER_POL2_137,PROMOTER_POL2_TRE3G__CL_PROMOTER_POL2_137,Tre3G,promoter,PROMOTER_POL2,TRE3G,promoter,silver,unverified,0,0,m|a|m|m|a|l|i|a|n
SPLICIFY_PROMOTER_POL2_TRE3G_CL_PROMOTER_POL2_143,PROMOTER_POL2_TRE3G__CL_PROMOTER_POL2_143,Tre3G,promoter,PROMOTER_POL2,TRE3G,promoter,silver,unverified,0,0,m|a|m|m|a|l|i|a|n
SPLICIFY_PROMOTER_POL3_H1_CL_PROMOTER_POL3_001,PROMOTER_POL3_H1__CL_PROMOTER_POL3_001,H1,promoter,PROMOTER_POL3,H1,promoter_pol3,silver,unverified,0,0,m|a|m|m|a|l|i|a|n
SPLICIFY_PROMOTER_POL3_H1_CL_PROMOTER_POL3_032,PROMOTER_POL3_H1__CL_PROMOTER_POL3_032,H1,promoter,PROMOTER_POL3,H1,promoter_pol3,silver,unverified,0,0,m|a|m|m|a|l|i|a|n
SPLICIFY_PROMOTER_POL3_H1_CL_PROMOTER_POL3_037,PROMOTER_POL3_H1__CL_PROMOTER_POL3_037,H1,promoter,PROMOTER_POL3,H1,promoter_pol3,silver,unverified,0,0,m|a|m|m|a|l|i|a|n
SPLICIFY_PROMOTER_POL3_H1_CL_PROMOTER_POL3_038,PROMOTER_POL3_H1__CL_PROMOTER_POL3_038,H1,promoter,PROMOTER_POL3,H1,promoter_pol3,silver,unverified,0,0,m|a|m|m|a|l|i|a|n
SPLICIFY_PROMOTER_POL3_H1_CL_PROMOTER_POL3_039,PROMOTER_POL3_H1__CL_PROMOTER_POL3_039,H1,promoter,PROMOTER_POL3,H1,promoter_pol3,silver,unverified,0,0,m|a|m|m|a|l|i|a|n
SPLICIFY_PROMOTER_POL3_H1_CL_PROMOTER_POL3_041,PROMOTER_POL3_H1__CL_PROMOTER_POL3_041,H1,promoter,PROMOTER_POL3,H1,promoter_pol3,silver,unverified,0,0,m|a|m|m|a|l|i|a|n
SPLICIFY_PROMOTER_POL3_H1_CL_PROMOTER_POL3_042,PROMOTER_POL3_H1__CL_PROMOTER_POL3_042,H1,promoter,PROMOTER_POL3,H1,promoter_pol3,silver,unverified,0,0,m|a|m|m|a|l|i|a|n
SPLICIFY_PROMOTER_POL3_H1_CL_PROMOTER_POL3_043,PROMOTER_POL3_H1__CL_PROMOTER_POL3_043,H1,promoter,PROMOTER_POL3,H1,promoter_pol3,silver,unverified,0,0,m|a|m|m|a|l|i|a|n
SPLICIFY_PROMOTER_POL3_H1_CL_PROMOTER_POL3_044,PROMOTER_POL3_H1__CL_PROMOTER_POL3_044,H1,promoter,PROMOTER_POL3,H1,promoter_pol3,silver,unverified,0,0,m|a|m|m|a|l|i|a|n
SPLICIFY_PROMOTER_POL3_H1_CL_PROMOTER_POL3_045,PROMOTER_POL3_H1__CL_PROMOTER_POL3_045,H1,promoter,PROMOTER_POL3,H1,promoter_pol3,silver,unverified,0,0,m|a|m|m|a|l|i|a|n
SPLICIFY_PROMOTER_POL3_H1_CL_PROMOTER_POL3_046,PROMOTER_POL3_H1__CL_PROMOTER_POL3_046,H1,promoter,PROMOTER_POL3,H1,promoter_pol3,silver,unverified,0,0,m|a|m|m|a|l|i|a|n
SPLICIFY_PROMOTER_POL3_H1_CL_PROMOTER_POL3_047,PROMOTER_POL3_H1__CL_PROMOTER_POL3_047,H1,promoter,PROMOTER_POL3,H1,promoter_pol3,silver,unverified,0,0,m|a|m|m|a|l|i|a|n
SPLICIFY_PROMOTER_POL3_H1_CL_PROMOTER_POL3_048,PROMOTER_POL3_H1__CL_PROMOTER_POL3_048,H1,promoter,PROMOTER_POL3,H1,promoter_pol3,silver,unverified,0,0,m|a|m|m|a|l|i|a|n
SPLICIFY_PROMOTER_POL3_H1_CL_PROMOTER_POL3_051,PROMOTER_POL3_H1__CL_PROMOTER_POL3_051,H1,promoter,PROMOTER_POL3,H1,promoter_pol3,silver,unverified,0,0,m|a|m|m|a|l|i|a|n
SPLICIFY_PROMOTER_POL3_H1_CL_PROMOTER_POL3_053,PROMOTER_POL3_H1__CL_PROMOTER_POL3_053,H1,promoter,PROMOTER_POL3,H1,promoter_pol3,silver,unverified,0,0,m|a|m|m|a|l|i|a|n
SPLICIFY_TERMINATOR_BACTERIAL_RRNB_T1T2_C_4490d222,TERMINATOR_BACTERIAL_RRNB_T1T2__CL_TERMINATOR_BACTERIAL_002,Rrnb T1T2,terminator,TERMINATOR_BACTERIAL,rrnB_T1T2,terminator,silver,unverified,0,0,b|a|c|t|e|r|i|a|l
SPLICIFY_TERMINATOR_BACTERIAL_RRNB_T1T2_C_39f94c42,TERMINATOR_BACTERIAL_RRNB_T1T2__CL_TERMINATOR_BACTERIAL_003,Rrnb T1T2,terminator,TERMINATOR_BACTERIAL,rrnB_T1T2,terminator,silver,unverified,0,0,b|a|c|t|e|r|i|a|l
SPLICIFY_TERMINATOR_BACTERIAL_RRNB_T1T2_C_7e745b17,TERMINATOR_BACTERIAL_RRNB_T1T2__CL_TERMINATOR_BACTERIAL_004,Rrnb T1T2,terminator,TERMINATOR_BACTERIAL,rrnB_T1T2,terminator,silver,unverified,0,0,b|a|c|t|e|r|i|a|l
SPLICIFY_TERMINATOR_BACTERIAL_RRNB_T1T2_C_a980909d,TERMINATOR_BACTERIAL_RRNB_T1T2__CL_TERMINATOR_BACTERIAL_005,Rrnb T1T2,terminator,TERMINATOR_BACTERIAL,rrnB_T1T2,terminator,silver,unverified,0,0,b|a|c|t|e|r|i|a|l
SPLICIFY_TERMINATOR_BACTERIAL_RRNB_T1T2_C_94213282,TERMINATOR_BACTERIAL_RRNB_T1T2__CL_TERMINATOR_BACTERIAL_006,Rrnb T1T2,terminator,TERMINATOR_BACTERIAL,rrnB_T1T2,terminator,silver,unverified,0,0,b|a|c|t|e|r|i|a|l
SPLICIFY_TERMINATOR_BACTERIAL_RRNB_T1T2_C_cf56e204,TERMINATOR_BACTERIAL_RRNB_T1T2__CL_TERMINATOR_BACTERIAL_008,Rrnb T1T2,terminator,TERMINATOR_BACTERIAL,rrnB_T1T2,terminator,silver,unverified,0,0,b|a|c|t|e|r|i|a|l
SPLICIFY_TERMINATOR_BACTERIAL_RRNB_T1T2_C_d5c66b42,TERMINATOR_BACTERIAL_RRNB_T1T2__CL_TERMINATOR_BACTERIAL_009,Rrnb T1T2,terminator,TERMINATOR_BACTERIAL,rrnB_T1T2,terminator,silver,unverified,0,0,b|a|c|t|e|r|i|a|l
SPLICIFY_VIRAL_ELEMENT_LENTI_HIV_3LTR_DEL_daf51145,VIRAL_ELEMENT_LENTI_HIV_3LTR_DELTAU3__CL_VIRAL_ELEMENT_LENTI_013,Hiv 3Ltr Deltau3,misc_feature,VIRAL_ELEMENT_LENTI,HIV_3LTR_deltaU3,viral_element,silver,unverified,0,0,l|e|n|t|i|v|i|r|a|l
SPLICIFY_VIRAL_ELEMENT_LENTI_HIV_5LTR_CL__343190d6,VIRAL_ELEMENT_LENTI_HIV_5LTR__CL_VIRAL_ELEMENT_LENTI_011,5' LTR,misc_feature,VIRAL_ELEMENT_LENTI,HIV_5LTR,viral_element,silver,unverified,0,0,l|e|n|t|i|v|i|r|a|l
SPLICIFY_VIRAL_ELEMENT_LENTI_HIV_CPPT_CTS_29d5a4df,VIRAL_ELEMENT_LENTI_HIV_CPPT_CTS__CL_VIRAL_ELEMENT_LENTI_020,Hiv Cppt Cts,misc_feature,VIRAL_ELEMENT_LENTI,HIV_cPPT_CTS,viral_element,silver,unverified,0,0,l|e|n|t|i|v|i|r|a|l
SPLICIFY_VIRAL_ELEMENT_LENTI_HIV_CPPT_CTS_1b5f2619,VIRAL_ELEMENT_LENTI_HIV_CPPT_CTS__CL_VIRAL_ELEMENT_LENTI_035,Hiv Cppt Cts,misc_feature,VIRAL_ELEMENT_LENTI,HIV_cPPT_CTS,viral_element,silver,unverified,0,0,l|e|n|t|i|v|i|r|a|l
SPLICIFY_VIRAL_ELEMENT_LENTI_HIV_CPPT_CTS_7267e4d3,VIRAL_ELEMENT_LENTI_HIV_CPPT_CTS__CL_VIRAL_ELEMENT_LENTI_049,Hiv Cppt Cts,misc_feature,VIRAL_ELEMENT_LENTI,HIV_cPPT_CTS,viral_element,silver,unverified,0,0,l|e|n|t|i|v|i|r|a|l
SPLICIFY_VIRAL_ELEMENT_LENTI_HIV_PSI_CL_V_70448c74,VIRAL_ELEMENT_LENTI_HIV_PSI__CL_VIRAL_ELEMENT_LENTI_010,Hiv Psi,misc_feature,VIRAL_ELEMENT_LENTI,HIV_Psi,viral_element,silver,unverified,0,0,l|e|n|t|i|v|i|r|a|l
SPLICIFY_VIRAL_ELEMENT_LENTI_HIV_PSI_CL_V_02493591,VIRAL_ELEMENT_LENTI_HIV_PSI__CL_VIRAL_ELEMENT_LENTI_012,Hiv Psi,misc_feature,VIRAL_ELEMENT_LENTI,HIV_Psi,viral_element,silver,unverified,0,0,l|e|n|t|i|v|i|r|a|l
SPLICIFY_VIRAL_ELEMENT_LENTI_HIV_PSI_CL_V_6ef71d24,VIRAL_ELEMENT_LENTI_HIV_PSI__CL_VIRAL_ELEMENT_LENTI_016,Hiv Psi,misc_feature,VIRAL_ELEMENT_LENTI,HIV_Psi,viral_element,silver,unverified,0,0,l|e|n|t|i|v|i|r|a|l
SPLICIFY_VIRAL_ELEMENT_LENTI_HIV_PSI_CL_V_57f90554,VIRAL_ELEMENT_LENTI_HIV_PSI__CL_VIRAL_ELEMENT_LENTI_017,Hiv Psi,misc_feature,VIRAL_ELEMENT_LENTI,HIV_Psi,viral_element,silver,unverified,0,0,l|e|n|t|i|v|i|r|a|l
SPLICIFY_VIRAL_ELEMENT_LENTI_HIV_PSI_CL_V_ba14033b,VIRAL_ELEMENT_LENTI_HIV_PSI__CL_VIRAL_ELEMENT_LENTI_021,Hiv Psi,misc_feature,VIRAL_ELEMENT_LENTI,HIV_Psi,viral_element,silver,unverified,0,0,l|e|n|t|i|v|i|r|a|l
SPLICIFY_VIRAL_ELEMENT_LENTI_HIV_PSI_CL_V_97cda7ac,VIRAL_ELEMENT_LENTI_HIV_PSI__CL_VIRAL_ELEMENT_LENTI_024,Hiv Psi,misc_feature,VIRAL_ELEMENT_LENTI,HIV_Psi,viral_element,silver,unverified,0,0,l|e|n|t|i|v|i|r|a|l
SPLICIFY_VIRAL_ELEMENT_LENTI_HIV_PSI_CL_V_6dd89388,VIRAL_ELEMENT_LENTI_HIV_PSI__CL_VIRAL_ELEMENT_LENTI_025,Hiv Psi,misc_feature,VIRAL_ELEMENT_LENTI,HIV_Psi,viral_element,silver,unverified,0,0,l|e|n|t|i|v|i|r|a|l
SPLICIFY_VIRAL_ELEMENT_LENTI_HIV_PSI_CL_V_7a9d022b,VIRAL_ELEMENT_LENTI_HIV_PSI__CL_VIRAL_ELEMENT_LENTI_026,Hiv Psi,misc_feature,VIRAL_ELEMENT_LENTI,HIV_Psi,viral_element,silver,unverified,0,0,l|e|n|t|i|v|i|r|a|l
SPLICIFY_VIRAL_ELEMENT_LENTI_HIV_PSI_CL_V_bbcb7178,VIRAL_ELEMENT_LENTI_HIV_PSI__CL_VIRAL_ELEMENT_LENTI_027,Hiv Psi,misc_feature,VIRAL_ELEMENT_LENTI,HIV_Psi,viral_element,silver,unverified,0,0,l|e|n|t|i|v|i|r|a|l
SPLICIFY_VIRAL_ELEMENT_LENTI_HIV_PSI_CL_V_ab3a6505,VIRAL_ELEMENT_LENTI_HIV_PSI__CL_VIRAL_ELEMENT_LENTI_028,Hiv Psi,misc_feature,VIRAL_ELEMENT_LENTI,HIV_Psi,viral_element,silver,unverified,0,0,l|e|n|t|i|v|i|r|a|l
SPLICIFY_VIRAL_ELEMENT_LENTI_HIV_PSI_CL_V_a453696c,VIRAL_ELEMENT_LENTI_HIV_PSI__CL_VIRAL_ELEMENT_LENTI_029,Hiv Psi,misc_feature,VIRAL_ELEMENT_LENTI,HIV_Psi,viral_element,silver,unverified,0,0,l|e|n|t|i|v|i|r|a|l
SPLICIFY_VIRAL_ELEMENT_LENTI_HIV_PSI_CL_V_91a7b688,VIRAL_ELEMENT_LENTI_HIV_PSI__CL_VIRAL_ELEMENT_LENTI_037,Hiv Psi,misc_feature,VIRAL_ELEMENT_LENTI,HIV_Psi,viral_element,silver,unverified,0,0,l|e|n|t|i|v|i|r|a|l
SPLICIFY_VIRAL_ELEMENT_LENTI_HIV_PSI_CL_V_59e8b80a,VIRAL_ELEMENT_LENTI_HIV_PSI__CL_VIRAL_ELEMENT_LENTI_040,Hiv Psi,misc_feature,VIRAL_ELEMENT_LENTI,HIV_Psi,viral_element,silver,unverified,0,0,l|e|n|t|i|v|i|r|a|l
SPLICIFY_VIRAL_ELEMENT_LENTI_HIV_PSI_CL_V_2c9bf9f4,VIRAL_ELEMENT_LENTI_HIV_PSI__CL_VIRAL_ELEMENT_LENTI_041,Hiv Psi,misc_feature,VIRAL_ELEMENT_LENTI,HIV_Psi,viral_element,silver,unverified,0,0,l|e|n|t|i|v|i|r|a|l
SPLICIFY_VIRAL_ELEMENT_LENTI_HIV_PSI_CL_V_cc81c098,VIRAL_ELEMENT_LENTI_HIV_PSI__CL_VIRAL_ELEMENT_LENTI_042,Hiv Psi,misc_feature,VIRAL_ELEMENT_LENTI,HIV_Psi,viral_element,silver,unverified,0,0,l|e|n|t|i|v|i|r|a|l
SPLICIFY_VIRAL_ELEMENT_LENTI_HIV_PSI_CL_V_1c8837e4,VIRAL_ELEMENT_LENTI_HIV_PSI__CL_VIRAL_ELEMENT_LENTI_043,Hiv Psi,misc_feature,VIRAL_ELEMENT_LENTI,HIV_Psi,viral_element,silver,unverified,0,0,l|e|n|t|i|v|i|r|a|l
SPLICIFY_VIRAL_ELEMENT_LENTI_HIV_PSI_CL_V_05fd2079,VIRAL_ELEMENT_LENTI_HIV_PSI__CL_VIRAL_ELEMENT_LENTI_045,Hiv Psi,misc_feature,VIRAL_ELEMENT_LENTI,HIV_Psi,viral_element,silver,unverified,0,0,l|e|n|t|i|v|i|r|a|l
SPLICIFY_VIRAL_ELEMENT_LENTI_HIV_PSI_CL_V_eef28b0f,VIRAL_ELEMENT_LENTI_HIV_PSI__CL_VIRAL_ELEMENT_LENTI_047,Hiv Psi,misc_feature,VIRAL_ELEMENT_LENTI,HIV_Psi,viral_element,silver,unverified,0,0,l|e|n|t|i|v|i|r|a|l
SPLICIFY_VIRAL_ELEMENT_OTHER_VSVG_CL_VIRA_9231b375,VIRAL_ELEMENT_OTHER_VSVG__CL_VIRAL_ELEMENT_OTHER_001,Vsvg,misc_feature,VIRAL_ELEMENT_OTHER,VSVG,unknown,silver,unverified,0,0,u|n|k|n|o|w|n
SPLICIFY_CDS_BLASTR_BSD_VAR3,CDS_BLASTR_BSD__VAR3,BlastR,CDS,CDS_RESISTANCE,BlastR,selection_marker,silver,unverified,0,0,b|a|c|t|e|r|i|a|l
SPLICIFY_CDS_BLA_TEM1_VAR7,CDS_BLA_TEM1__VAR7,AmpR,CDS,CDS_RESISTANCE,AmpR,selection_marker,gold,auto_verified,0,0,b|a|c|t|e|r|i|a|l
SPLICIFY_CDS_CMR_CAT,CDS_CMR_CAT,CmR,CDS,CDS_RESISTANCE,CmR,selection_marker,gold,auto_verified,0,0,b|a|c|t|e|r|i|a|l
SPLICIFY_CDS_ERMR_ERMB_VAR4,CDS_ERMR_ERMB__VAR4,Ermr,CDS,CDS_RESISTANCE,ErmR,selection_marker,gold,auto_verified,0,0,b|a|c|t|e|r|i|a|l
SPLICIFY_CDS_GENR_AAC3,CDS_GENR_AAC3,GenR,CDS,CDS_RESISTANCE,GenR,selection_marker,gold,auto_verified,0,0,b|a|c|t|e|r|i|a|l
SPLICIFY_CDS_HYGROR_HPH_VAR2,CDS_HYGROR_HPH__VAR2,HygroR,CDS,CDS_RESISTANCE,HygroR,selection_marker,gold,auto_verified,0,0,b|a|c|t|e|r|i|a|l
SPLICIFY_CDS_KANR_APH3,CDS_KANR_APH3,KanR,CDS,CDS_RESISTANCE,KanR,selection_marker,gold,auto_verified,0,0,b|a|c|t|e|r|i|a|l
SPLICIFY_CDS_NEOR_APH3_VAR2,CDS_NEOR_APH3__VAR2,NeoR,CDS,CDS_RESISTANCE,NeoR,selection_marker,gold,auto_verified,0,0,b|a|c|t|e|r|i|a|l
SPLICIFY_CDS_NUCLEASE_SPCAS9,CDS_NUCLEASE_SPCAS9,SpCas9,CDS,CDS_NUCLEASE,SpCas9,nuclease,gold,auto_verified,0,0,m|a|m|m|a|l|i|a|n
SPLICIFY_CDS_PUROR_PAC_VAR2,CDS_PUROR_PAC__VAR2,PuroR,CDS,CDS_RESISTANCE,PuroR,selection_marker,gold,auto_verified,0,0,b|a|c|t|e|r|i|a|l
SPLICIFY_CDS_REPORTER_BFP,CDS_REPORTER_BFP,Bfp,CDS,CDS_REPORTER,BFP,reporter,gold,auto_verified,0,0,m|a|m|m|a|l|i|a|n
SPLICIFY_CDS_REPORTER_CFP_VAR4,CDS_REPORTER_CFP__VAR4,CFP,CDS,CDS_REPORTER,CFP,reporter,gold,auto_verified,0,0,m|a|m|m|a|l|i|a|n
SPLICIFY_CDS_REPORTER_DSRED_VAR3,CDS_REPORTER_DSRED__VAR3,DsRed,CDS,CDS_REPORTER,DsRed,reporter,gold,auto_verified,0,0,m|a|m|m|a|l|i|a|n
SPLICIFY_CDS_REPORTER_EGFP_VAR16,CDS_REPORTER_EGFP__VAR16,EGFP,CDS,CDS_REPORTER,EGFP,reporter,gold_seed,verified,0,0,m|a|m|m|a|l|i|a|n
SPLICIFY_CDS_REPORTER_LACZ,CDS_REPORTER_LACZ,LacZ,CDS,CDS_REPORTER,LacZ,reporter,gold,auto_verified,0,0,m|a|m|m|a|l|i|a|n
SPLICIFY_CDS_REPORTER_LUC2,CDS_REPORTER_LUC2,Luc2,CDS,CDS_REPORTER,Luc2,reporter,gold,auto_verified,0,0,m|a|m|m|a|l|i|a|n
SPLICIFY_CDS_REPORTER_MCHERRY_VAR3,CDS_REPORTER_MCHERRY__VAR3,mCherry,CDS,CDS_REPORTER,mCherry,reporter,gold,auto_verified,0,0,m|a|m|m|a|l|i|a|n
SPLICIFY_CDS_REPORTER_NANOLUC_VAR2,CDS_REPORTER_NANOLUC__VAR2,Nanoluc,CDS,CDS_REPORTER,NanoLuc,reporter,silver,unverified,0,0,m|a|m|m|a|l|i|a|n
SPLICIFY_CDS_REPORTER_RLUC,CDS_REPORTER_RLUC,Rluc,CDS,CDS_REPORTER,RLuc,reporter,gold,auto_verified,0,0,m|a|m|m|a|l|i|a|n
SPLICIFY_CDS_REPORTER_TAGRFP_VAR26,CDS_REPORTER_TAGRFP__VAR26,TagRFP,CDS,CDS_REPORTER,TagRFP,reporter,gold,auto_verified,0,0,m|a|m|m|a|l|i|a|n
SPLICIFY_CDS_REPORTER_TDTOMATO_VAR2,CDS_REPORTER_TDTOMATO__VAR2,Tdtomato,CDS,CDS_REPORTER,tdTomato,reporter,gold,auto_verified,0,0,m|a|m|m|a|l|i|a|n
SPLICIFY_CDS_REPORTER_YFP_VAR3,CDS_REPORTER_YFP__VAR3,YFP,CDS,CDS_REPORTER,YFP,reporter,gold,auto_verified,0,0,m|a|m|m|a|l|i|a|n
SPLICIFY_CDS_SPCR_AADA,CDS_SPCR_AADA,SpecR,CDS,CDS_RESISTANCE,SpecR,selection_marker,gold,auto_verified,0,0,b|a|c|t|e|r|i|a|l
SPLICIFY_CDS_TETR_TETR_VAR11,CDS_TETR_TETR__VAR11,TetR,CDS,CDS_RESISTANCE,TetR,selection_marker,gold,auto_verified,0,0,b|a|c|t|e|r|i|a|l
SPLICIFY_CDS_ZEOR_SHBLE,CDS_ZEOR_SHBLE,ZeoR,CDS,CDS_RESISTANCE,ZeoR,selection_marker,gold,auto_verified,0,0,b|a|c|t|e|r|i|a|l
SPLICIFY_INTRON_IME_CHIMERIC,INTRON_IME_CHIMERIC,chimeric intron,intron,INTRON_IME,chimeric_intron,intron,gold,auto_verified,0,0,m|a|m|m|a|l|i|a|n
SPLICIFY_MISC_SIGNAL_F2A,MISC_SIGNAL_F2A,F2A,misc_feature,MISC_SIGNAL,F2A,signal,gold,auto_verified,0,0,u|n|i|v|e|r|s|a|l
SPLICIFY_MISC_SIGNAL_IRES_VAR5,MISC_SIGNAL_IRES__VAR5,IRES,misc_feature,MISC_SIGNAL,IRES,signal,gold,auto_verified,0,0,u|n|i|v|e|r|s|a|l
SPLICIFY_MISC_SIGNAL_P2A,MISC_SIGNAL_P2A,P2A,misc_feature,MISC_SIGNAL,P2A,signal,silver,unverified,0,0,u|n|i|v|e|r|s|a|l
SPLICIFY_MISC_SIGNAL_T2A_VAR8,MISC_SIGNAL_T2A__VAR8,T2A,misc_feature,MISC_SIGNAL,T2A,signal,silver,unverified,0,0,u|n|i|v|e|r|s|a|l
SPLICIFY_ORI_COLE1_PUC_VAR5,ORI_COLE1_PUC__VAR5,ColE1,rep_origin,ORI_BACTERIAL,Pbr322,ori,gold,auto_verified,0,0,b|a|c|t|e|r|i|a|l
SPLICIFY_ORI_F1_PHAGE_VAR8,ORI_F1_PHAGE__VAR8,f1 ori,rep_origin,ORI_PHAGE,f1_ori,ori_phage,gold,auto_verified,0,0,p|h|a|g|e
SPLICIFY_ORI_P15A,ORI_P15A,p15A,rep_origin,ORI_BACTERIAL,p15A,ori,gold_seed,verified,0,0,b|a|c|t|e|r|i|a|l
SPLICIFY_ORI_PSC101,ORI_PSC101,pSC101,rep_origin,ORI_BACTERIAL,pSC101,ori,silver,unverified,0,0,b|a|c|t|e|r|i|a|l
SPLICIFY_POLYA_BGH,POLYA_BGH,BGH pA,polyA_signal,POLYA_SIGNAL,BGH_polyA,polya,gold_seed,verified,0,0,m|a|m|m|a|l|i|a|n
SPLICIFY_POLYA_SV40_LATE_VAR7,POLYA_SV40_LATE__VAR7,SV40 pA,polyA_signal,POLYA_SIGNAL,SV40_late_polyA,polya,gold,auto_verified,0,0,m|a|m|m|a|l|i|a|n
SPLICIFY_PROMOTER_BACT_LAC_VAR4,PROMOTER_BACT_LAC__VAR4,lac,promoter,PROMOTER_BACTERIAL,lac_promoter,promoter,gold,auto_verified,0,0,b|a|c|t|e|r|i|a|l
SPLICIFY_PROMOTER_BACT_SP6_VAR4,PROMOTER_BACT_SP6__VAR4,SP6,promoter,PROMOTER_BACTERIAL,SP6_promoter,promoter,silver,unverified,0,0,b|a|c|t|e|r|i|a|l
SPLICIFY_PROMOTER_BACT_T7_VAR4,PROMOTER_BACT_T7__VAR4,T7,promoter,PROMOTER_BACTERIAL,T7_promoter,promoter,silver,unverified,0,0,b|a|c|t|e|r|i|a|l
SPLICIFY_PROMOTER_BACT_TAC_VAR2,PROMOTER_BACT_TAC__VAR2,tac,promoter,PROMOTER_BACTERIAL,tac_promoter,promoter,silver,unverified,0,0,b|a|c|t|e|r|i|a|l
SPLICIFY_PROMOTER_CMV_ENH_PROM_VAR7,PROMOTER_CMV_ENH_PROM__VAR7,CMV promoter,promoter,PROMOTER_POL2,CMV_enhancer_promoter,promoter,gold,auto_verified,0,0,m|a|m|m|a|l|i|a|n
SPLICIFY_PROMOTER_U6_HUMAN_VAR24,PROMOTER_U6_HUMAN__VAR24,U6,promoter,PROMOTER_POL3,U6_human,promoter_pol3,gold,auto_verified,0,0,m|a|m|m|a|l|i|a|n
SPLICIFY_TERMINATOR_BACT_T7,TERMINATOR_BACT_T7,T7 terminator,terminator,TERMINATOR_BACTERIAL,T7_terminator,terminator,gold,auto_verified,0,0,b|a|c|t|e|r|i|a|l
SPLICIFY_VIRAL_ELEMENT_AAV_ITR_AAV2_VAR4,VIRAL_ELEMENT_AAV_ITR_AAV2__VAR4,AAV2 ITR,misc_feature,VIRAL_ELEMENT_AAV,AAV_ITR,viral_element,silver,unverified,0,0,a|a|v
SPLICIFY_VIRAL_ELEMENT_LENTI_HIV_RRE,VIRAL_ELEMENT_LENTI_HIV_RRE,RRE,misc_feature,VIRAL_ELEMENT_LENTI,HIV_RRE,viral_element,gold,auto_verified,0,0,l|e|n|t|i|v|i|r|a|l
SPLICIFY_VIRAL_ELEMENT_LENTI_WPRE,VIRAL_ELEMENT_LENTI_WPRE,WPRE,misc_feature,VIRAL_ELEMENT_LENTI,WPRE,viral_element,gold,auto_verified,0,0,l|e|n|t|i|v|i|r|a|l
